{"textures":{"0":"modelengine:entity/em_cursed_santa"},"elements":[{"from":[5.714286,6.214286,8.0],"to":[10.285714,7.928571,9.142858],"rotation":{"angle":0.0,"axis":"y","origin":[8.528571,4.5,6.35]},"faces":{"east":{"uv":[7.8145,9.752,7.9355,9.9355],"rotation":0,"texture":"#0","tintindex":0},"south":{"uv":[8.5645,8.502,9.0605,8.6855],"rotation":0,"texture":"#0","tintindex":0},"north":{"uv":[8.5645,8.252,9.0605,8.4355],"rotation":0,"texture":"#0","tintindex":0},"west":{"uv":[9.752,7.9395,9.873,8.123],"rotation":0,"texture":"#0","tintindex":0},"up":{"uv":[9.373,3.998,8.877,3.877],"rotation":0,"texture":"#0","tintindex":0},"down":{"uv":[9.4355,6.3145,8.9395,6.4355],"rotation":0,"texture":"#0","tintindex":0}}},{"from":[6.285714,6.214286,7.428571],"to":[9.714286,7.357143,8.0],"rotation":{"angle":0.0,"axis":"y","origin":[8.528571,4.5,5.778571]},"faces":{"east":{"uv":[7.627,9.252,7.6855,9.373],"rotation":0,"texture":"#0","tintindex":0},"south":{"uv":[9.252,7.3145,9.623,7.4355],"rotation":0,"texture":"#0","tintindex":0},"north":{"uv":[7.1895,9.252,7.5605,9.373],"rotation":0,"texture":"#0","tintindex":0},"west":{"uv":[2.1895,9.377,2.248,9.498],"rotation":0,"texture":"#0","tintindex":0},"up":{"uv":[1.123,9.873,0.752,9.8145],"rotation":0,"texture":"#0","tintindex":0},"down":{"uv":[10.1855,0.8145,9.8145,0.873],"rotation":0,"texture":"#0","tintindex":0}}},{"from":[6.857143,5.642857,7.428571],"to":[9.142858,6.214286,8.0],"rotation":{"angle":0.0,"axis":"y","origin":[8.528571,2.7857141,5.778571]},"faces":{"east":{"uv":[8.752,10.3145,8.8105,10.373],"rotation":0,"texture":"#0","tintindex":0},"south":{"uv":[10.127,0.252,10.373,0.3105],"rotation":0,"texture":"#0","tintindex":0},"north":{"uv":[10.127,0.127,10.373,0.1855],"rotation":0,"texture":"#0","tintindex":0},"west":{"uv":[8.877,10.3145,8.9355,10.373],"rotation":0,"texture":"#0","tintindex":0},"up":{"uv":[10.373,1.248,10.127,1.1895],"rotation":0,"texture":"#0","tintindex":0},"down":{"uv":[10.373,1.3145,10.127,1.373],"rotation":0,"texture":"#0","tintindex":0}}},{"from":[6.285714,4.5,8.0],"to":[9.714286,6.214286,8.571428],"rotation":{"angle":0.0,"axis":"y","origin":[8.528571,2.7857141,6.35]},"faces":{"east":{"uv":[6.4395,10.252,6.498,10.4355],"rotation":0,"texture":"#0","tintindex":0},"south":{"uv":[2.752,8.877,3.123,9.0605],"rotation":0,"texture":"#0","tintindex":0},"north":{"uv":[8.877,1.8145,9.248,1.998],"rotation":0,"texture":"#0","tintindex":0},"west":{"uv":[6.5645,10.252,6.623,10.4355],"rotation":0,"texture":"#0","tintindex":0},"up":{"uv":[10.123,9.498,9.752,9.4395],"rotation":0,"texture":"#0","tintindex":0},"down":{"uv":[9.9355,9.752,9.5645,9.8105],"rotation":0,"texture":"#0","tintindex":0}}}],"display":{"head":{"translation":[0.0,-6.4,0.0],"scale":[4.0,4.0,4.0]}}}