{"textures":{"1":"modelengine:entity/em_rocket_launcher1"},"elements":[{"from":[5.714286,3.8735285,2.9259024],"to":[10.285714,9.016386,7.497331],"rotation":{"angle":0.0,"axis":"y","origin":[4.5714283,6.159243,23.497332]},"faces":{"east":{"uv":[3.25,2.0,4.375,3.0],"rotation":90,"texture":"#1","tintindex":0},"south":{"uv":[5.375,4.25,4.375,5.375],"rotation":0,"texture":"#1","tintindex":0},"north":{"uv":[4.25,5.375,3.25,4.25],"rotation":180,"texture":"#1","tintindex":0},"west":{"uv":[3.25,3.125,4.375,4.125],"rotation":270,"texture":"#1","tintindex":0},"up":{"uv":[3.125,5.5,4.125,6.5],"rotation":0,"texture":"#1","tintindex":0},"down":{"uv":[2.0,4.5,3.0,5.5],"rotation":180,"texture":"#1","tintindex":0}}},{"from":[5.142857,3.3020997,2.9259024],"to":[10.857143,3.8735285,6.9259024],"rotation":{"angle":0.0,"axis":"y","origin":[4.5714283,6.159243,23.497332]},"faces":{"east":{"uv":[3.0,7.875,3.125,8.75],"rotation":90,"texture":"#1","tintindex":0},"south":{"uv":[8.0,1.125,6.75,1.25],"rotation":0,"texture":"#1","tintindex":0},"north":{"uv":[8.0,1.0,6.75,0.875],"rotation":180,"texture":"#1","tintindex":0},"west":{"uv":[3.25,7.875,3.375,8.75],"rotation":270,"texture":"#1","tintindex":0},"up":{"uv":[4.5,2.0,5.75,2.875],"rotation":0,"texture":"#1","tintindex":0},"down":{"uv":[4.5,0.0,5.75,0.875],"rotation":180,"texture":"#1","tintindex":0}}},{"from":[5.714286,3.3020997,2.354474],"to":[10.285714,3.8735285,2.9259024],"rotation":{"angle":0.0,"axis":"y","origin":[4.5714283,6.159243,23.497332]},"faces":{"east":{"uv":[5.0,9.125,5.125,9.25],"rotation":90,"texture":"#1","tintindex":0},"south":{"uv":[3.375,7.625,2.375,7.75],"rotation":0,"texture":"#1","tintindex":0},"north":{"uv":[8.375,3.625,7.375,3.5],"rotation":180,"texture":"#1","tintindex":0},"west":{"uv":[5.5,9.125,5.625,9.25],"rotation":270,"texture":"#1","tintindex":0},"up":{"uv":[7.25,4.75,8.25,4.875],"rotation":0,"texture":"#1","tintindex":0},"down":{"uv":[7.0,0.375,8.0,0.5],"rotation":180,"texture":"#1","tintindex":0}}},{"from":[9.933939,3.3043852,2.6424737],"to":[10.73651,3.8712425,3.2093315],"rotation":{"angle":-45.0,"axis":"y","origin":[10.453082,3.5878143,2.9259024]},"faces":{"east":{"uv":[8.75,9.125,8.875,9.25],"rotation":90,"texture":"#1","tintindex":0},"south":{"uv":[1.375,9.25,1.25,9.375],"rotation":0,"texture":"#1","tintindex":0},"north":{"uv":[1.125,9.375,1.0,9.25],"rotation":180,"texture":"#1","tintindex":0},"west":{"uv":[0.75,9.25,0.875,9.375],"rotation":270,"texture":"#1","tintindex":0},"up":{"uv":[0.0,9.25,0.125,9.375],"rotation":0,"texture":"#1","tintindex":0},"down":{"uv":[7.375,9.125,7.5,9.25],"rotation":180,"texture":"#1","tintindex":0}}},{"from":[5.2634897,3.3043852,2.6424737],"to":[6.066061,3.8712425,3.2093315],"rotation":{"angle":45.0,"axis":"y","origin":[5.546918,3.5878143,2.9259024]},"faces":{"east":{"uv":[1.75,9.25,1.875,9.375],"rotation":90,"texture":"#1","tintindex":0},"south":{"uv":[4.0,9.25,3.875,9.375],"rotation":0,"texture":"#1","tintindex":0},"north":{"uv":[2.625,9.375,2.5,9.25],"rotation":180,"texture":"#1","tintindex":0},"west":{"uv":[2.25,9.25,2.375,9.375],"rotation":270,"texture":"#1","tintindex":0},"up":{"uv":[2.0,9.25,2.125,9.375],"rotation":0,"texture":"#1","tintindex":0},"down":{"uv":[1.5,9.25,1.625,9.375],"rotation":180,"texture":"#1","tintindex":0}}},{"from":[9.933939,3.3043852,6.642474],"to":[10.73651,3.8712425,7.2093315],"rotation":{"angle":45.0,"axis":"y","origin":[10.453082,3.5878143,6.9259024]},"faces":{"east":{"uv":[9.25,5.75,9.375,5.875],"rotation":90,"texture":"#1","tintindex":0},"south":{"uv":[9.375,6.25,9.25,6.375],"rotation":0,"texture":"#1","tintindex":0},"north":{"uv":[6.375,9.375,6.25,9.25],"rotation":180,"texture":"#1","tintindex":0},"west":{"uv":[9.25,6.0,9.375,6.125],"rotation":270,"texture":"#1","tintindex":0},"up":{"uv":[6.0,9.25,6.125,9.375],"rotation":0,"texture":"#1","tintindex":0},"down":{"uv":[4.125,9.25,4.25,9.375],"rotation":180,"texture":"#1","tintindex":0}}},{"from":[5.2634897,3.3043852,6.642474],"to":[6.066061,3.8712425,7.2093315],"rotation":{"angle":-45.0,"axis":"y","origin":[5.546918,3.5878143,6.9259024]},"faces":{"east":{"uv":[6.75,9.25,6.875,9.375],"rotation":90,"texture":"#1","tintindex":0},"south":{"uv":[9.375,7.5,9.25,7.625],"rotation":0,"texture":"#1","tintindex":0},"north":{"uv":[9.375,7.375,9.25,7.25],"rotation":180,"texture":"#1","tintindex":0},"west":{"uv":[9.25,7.0,9.375,7.125],"rotation":270,"texture":"#1","tintindex":0},"up":{"uv":[9.25,6.75,9.375,6.875],"rotation":0,"texture":"#1","tintindex":0},"down":{"uv":[6.5,9.25,6.625,9.375],"rotation":180,"texture":"#1","tintindex":0}}},{"from":[5.714286,3.3020997,6.9259024],"to":[10.285714,3.8735285,7.497331],"rotation":{"angle":0.0,"axis":"y","origin":[4.5714283,6.159243,23.497332]},"faces":{"east":{"uv":[9.25,7.75,9.375,7.875],"rotation":90,"texture":"#1","tintindex":0},"south":{"uv":[8.625,5.5,7.625,5.625],"rotation":0,"texture":"#1","tintindex":0},"north":{"uv":[8.625,5.375,7.625,5.25],"rotation":180,"texture":"#1","tintindex":0},"west":{"uv":[9.25,8.0,9.375,8.125],"rotation":270,"texture":"#1","tintindex":0},"up":{"uv":[5.125,7.625,6.125,7.75],"rotation":0,"texture":"#1","tintindex":0},"down":{"uv":[7.625,5.0,8.625,5.125],"rotation":180,"texture":"#1","tintindex":0}}},{"from":[9.933939,9.018671,6.642474],"to":[10.73651,9.585529,7.2093315],"rotation":{"angle":45.0,"axis":"y","origin":[10.453082,9.3021,6.9259024]},"faces":{"east":{"uv":[9.0,9.25,9.125,9.375],"rotation":90,"texture":"#1","tintindex":0},"south":{"uv":[0.625,9.375,0.5,9.5],"rotation":0,"texture":"#1","tintindex":0},"north":{"uv":[0.375,9.5,0.25,9.375],"rotation":180,"texture":"#1","tintindex":0},"west":{"uv":[9.375,0.0,9.5,0.125],"rotation":270,"texture":"#1","tintindex":0},"up":{"uv":[9.25,9.25,9.375,9.375],"rotation":0,"texture":"#1","tintindex":0},"down":{"uv":[9.25,8.625,9.375,8.75],"rotation":180,"texture":"#1","tintindex":0}}},{"from":[5.2634897,9.018671,6.642474],"to":[6.066061,9.585529,7.2093315],"rotation":{"angle":-45.0,"axis":"y","origin":[5.546918,9.3021,6.9259024]},"faces":{"east":{"uv":[9.375,1.25,9.5,1.375],"rotation":90,"texture":"#1","tintindex":0},"south":{"uv":[9.5,2.625,9.375,2.75],"rotation":0,"texture":"#1","tintindex":0},"north":{"uv":[9.5,2.5,9.375,2.375],"rotation":180,"texture":"#1","tintindex":0},"west":{"uv":[9.375,2.125,9.5,2.25],"rotation":270,"texture":"#1","tintindex":0},"up":{"uv":[9.375,1.875,9.5,2.0],"rotation":0,"texture":"#1","tintindex":0},"down":{"uv":[9.375,1.0,9.5,1.125],"rotation":180,"texture":"#1","tintindex":0}}},{"from":[9.933939,9.018671,2.6424737],"to":[10.73651,9.585529,3.2093315],"rotation":{"angle":-45.0,"axis":"y","origin":[10.453082,9.3021,2.9259024]},"faces":{"east":{"uv":[9.375,2.875,9.5,3.0],"rotation":90,"texture":"#1","tintindex":0},"south":{"uv":[9.5,3.375,9.375,3.5],"rotation":0,"texture":"#1","tintindex":0},"north":{"uv":[3.375,9.5,3.25,9.375],"rotation":180,"texture":"#1","tintindex":0},"west":{"uv":[9.375,3.125,9.5,3.25],"rotation":270,"texture":"#1","tintindex":0},"up":{"uv":[3.0,9.375,3.125,9.5],"rotation":0,"texture":"#1","tintindex":0},"down":{"uv":[2.75,9.375,2.875,9.5],"rotation":180,"texture":"#1","tintindex":0}}},{"from":[5.714286,9.016386,2.354474],"to":[10.285714,9.587814,2.9259024],"rotation":{"angle":0.0,"axis":"y","origin":[4.5714283,11.8735285,23.497332]},"faces":{"east":{"uv":[3.5,9.375,3.625,9.5],"rotation":90,"texture":"#1","tintindex":0},"south":{"uv":[8.75,0.0,7.75,0.125],"rotation":0,"texture":"#1","tintindex":0},"north":{"uv":[8.625,6.625,7.625,6.5],"rotation":180,"texture":"#1","tintindex":0},"west":{"uv":[9.375,3.625,9.5,3.75],"rotation":270,"texture":"#1","tintindex":0},"up":{"uv":[7.625,6.25,8.625,6.375],"rotation":0,"texture":"#1","tintindex":0},"down":{"uv":[7.625,5.75,8.625,5.875],"rotation":180,"texture":"#1","tintindex":0}}},{"from":[5.142857,9.016386,2.9259024],"to":[10.857143,9.587814,6.9259024],"rotation":{"angle":0.0,"axis":"y","origin":[4.5714283,11.8735285,23.497332]},"faces":{"east":{"uv":[0.875,8.0,1.0,8.875],"rotation":90,"texture":"#1","tintindex":0},"south":{"uv":[8.0,1.625,6.75,1.75],"rotation":0,"texture":"#1","tintindex":0},"north":{"uv":[8.0,1.5,6.75,1.375],"rotation":180,"texture":"#1","tintindex":0},"west":{"uv":[1.125,8.0,1.25,8.875],"rotation":270,"texture":"#1","tintindex":0},"up":{"uv":[5.375,1.0,6.625,1.875],"rotation":0,"texture":"#1","tintindex":0},"down":{"uv":[4.5,3.0,5.75,3.875],"rotation":180,"texture":"#1","tintindex":0}}},{"from":[5.714286,12.444958,2.9259024],"to":[10.285714,14.159243,6.9259024],"rotation":{"angle":0.0,"axis":"y","origin":[4.5714283,11.8735285,23.497332]},"faces":{"east":{"uv":[5.875,3.0,6.25,3.875],"rotation":90,"texture":"#1","tintindex":0},"south":{"uv":[6.875,2.5,5.875,2.875],"rotation":0,"texture":"#1","tintindex":0},"north":{"uv":[6.875,2.375,5.875,2.0],"rotation":180,"texture":"#1","tintindex":0},"west":{"uv":[5.375,6.0,5.75,6.875],"rotation":270,"texture":"#1","tintindex":0},"up":{"uv":[4.25,5.5,5.25,6.375],"rotation":0,"texture":"#1","tintindex":0},"down":{"uv":[5.5,4.0,6.5,4.875],"rotation":180,"texture":"#1","tintindex":0}}},{"from":[5.6571426,12.3878145,5.7259026],"to":[10.342857,14.787815,6.9830456],"rotation":{"angle":0.0,"axis":"y","origin":[4.5714283,11.8735285,23.497332]},"faces":{"east":{"uv":[0.875,7.625,1.375,7.875],"rotation":90,"texture":"#1","tintindex":0},"south":{"uv":[6.875,0.0,5.875,0.5],"rotation":0,"texture":"#1","tintindex":0},"north":{"uv":[3.0,6.125,2.0,5.625],"rotation":180,"texture":"#1","tintindex":0},"west":{"uv":[3.5,7.625,4.0,7.875],"rotation":270,"texture":"#1","tintindex":0},"up":{"uv":[5.875,6.25,6.875,6.5],"rotation":0,"texture":"#1","tintindex":0},"down":{"uv":[2.0,6.25,3.0,6.5],"rotation":180,"texture":"#1","tintindex":0}}},{"from":[6.857143,14.159243,3.4973311],"to":[9.142858,15.873529,4.640188],"rotation":{"angle":0.0,"axis":"y","origin":[4.5714283,11.8735285,23.497332]},"faces":{"east":{"uv":[1.875,8.0,2.25,8.25],"rotation":90,"texture":"#1","tintindex":0},"south":{"uv":[6.875,3.0,6.375,3.375],"rotation":0,"texture":"#1","tintindex":0},"north":{"uv":[1.5,6.75,1.0,6.375],"rotation":180,"texture":"#1","tintindex":0},"west":{"uv":[3.5,8.0,3.875,8.25],"rotation":270,"texture":"#1","tintindex":0},"up":{"uv":[7.75,1.875,8.25,2.125],"rotation":0,"texture":"#1","tintindex":0},"down":{"uv":[6.25,7.625,6.75,7.875],"rotation":180,"texture":"#1","tintindex":0}}},{"from":[5.714286,9.016386,6.9259024],"to":[10.285714,9.587814,7.497331],"rotation":{"angle":0.0,"axis":"y","origin":[4.5714283,11.8735285,23.497332]},"faces":{"east":{"uv":[9.375,3.875,9.5,4.0],"rotation":90,"texture":"#1","tintindex":0},"south":{"uv":[8.75,3.75,7.75,3.875],"rotation":0,"texture":"#1","tintindex":0},"north":{"uv":[8.75,2.875,7.75,2.75],"rotation":180,"texture":"#1","tintindex":0},"west":{"uv":[9.375,4.125,9.5,4.25],"rotation":270,"texture":"#1","tintindex":0},"up":{"uv":[7.75,2.5,8.75,2.625],"rotation":0,"texture":"#1","tintindex":0},"down":{"uv":[7.75,2.25,8.75,2.375],"rotation":180,"texture":"#1","tintindex":0}}},{"from":[5.2634897,9.018671,2.6424737],"to":[6.066061,9.585529,3.2093315],"rotation":{"angle":45.0,"axis":"y","origin":[5.546918,9.3021,2.9259024]},"faces":{"east":{"uv":[9.375,4.375,9.5,4.5],"rotation":90,"texture":"#1","tintindex":0},"south":{"uv":[9.5,4.875,9.375,5.0],"rotation":0,"texture":"#1","tintindex":0},"north":{"uv":[5.0,9.5,4.875,9.375],"rotation":180,"texture":"#1","tintindex":0},"west":{"uv":[9.375,4.625,9.5,4.75],"rotation":270,"texture":"#1","tintindex":0},"up":{"uv":[4.625,9.375,4.75,9.5],"rotation":0,"texture":"#1","tintindex":0},"down":{"uv":[4.375,9.375,4.5,9.5],"rotation":180,"texture":"#1","tintindex":0}}},{"from":[6.8599997,13.987516,3.2350254],"to":[9.14,15.696088,3.8007398],"rotation":{"angle":22.5,"axis":"x","origin":[10.285714,14.841803,3.5178823]},"faces":{"east":{"uv":[8.875,3.75,9.25,3.875],"rotation":90,"texture":"#1","tintindex":0},"south":{"uv":[0.5,6.5,0.0,6.875],"rotation":0,"texture":"#1","tintindex":0},"north":{"uv":[6.875,3.875,6.375,3.5],"rotation":180,"texture":"#1","tintindex":0},"west":{"uv":[4.75,8.875,5.125,9.0],"rotation":270,"texture":"#1","tintindex":0},"up":{"uv":[3.5,8.375,4.0,8.5],"rotation":0,"texture":"#1","tintindex":0},"down":{"uv":[8.375,0.625,8.875,0.75],"rotation":180,"texture":"#1","tintindex":0}}},{"from":[6.8599997,12.403723,7.278523],"to":[9.14,14.112294,8.415666],"rotation":{"angle":-22.5,"axis":"x","origin":[9.142858,13.258009,8.132809]},"faces":{"east":{"uv":[6.125,8.0,6.5,8.25],"rotation":90,"texture":"#1","tintindex":0},"south":{"uv":[7.0,5.0,6.5,5.375],"rotation":0,"texture":"#1","tintindex":0},"north":{"uv":[4.75,6.875,4.25,6.5],"rotation":180,"texture":"#1","tintindex":0},"west":{"uv":[8.125,0.25,8.5,0.5],"rotation":270,"texture":"#1","tintindex":0},"up":{"uv":[7.75,4.375,8.25,4.625],"rotation":0,"texture":"#1","tintindex":0},"down":{"uv":[7.75,4.0,8.25,4.25],"rotation":180,"texture":"#1","tintindex":0}}},{"from":[7.4314284,6.7649064,7.4087453],"to":[8.568571,9.616335,8.545888],"rotation":{"angle":-45.0,"axis":"x","origin":[8.0,8.269192,8.034459]},"faces":{"east":{"uv":[7.0,0.0,7.625,0.25],"rotation":90,"texture":"#1","tintindex":0},"south":{"uv":[0.25,7.0,0.0,7.625],"rotation":0,"texture":"#1","tintindex":0},"north":{"uv":[1.25,7.5,1.0,6.875],"rotation":180,"texture":"#1","tintindex":0},"west":{"uv":[7.0,1.875,7.625,2.125],"rotation":270,"texture":"#1","tintindex":0},"up":{"uv":[0.0,8.375,0.25,8.625],"rotation":0,"texture":"#1","tintindex":0},"down":{"uv":[1.875,7.125,2.125,7.375],"rotation":180,"texture":"#1","tintindex":0}}},{"from":[6.857143,1.5878139,7.497331],"to":[9.142858,12.444958,8.06876],"rotation":{"angle":0.0,"axis":"y","origin":[4.5714283,10.159243,25.211617]},"faces":{"east":{"uv":[5.875,0.625,8.25,0.75],"rotation":90,"texture":"#1","tintindex":0},"south":{"uv":[3.125,2.0,2.625,4.375],"rotation":0,"texture":"#1","tintindex":0},"north":{"uv":[2.5,4.375,2.0,2.0],"rotation":180,"texture":"#1","tintindex":0},"west":{"uv":[5.875,6.0,8.25,6.125],"rotation":270,"texture":"#1","tintindex":0},"up":{"uv":[8.375,4.25,8.875,4.375],"rotation":0,"texture":"#1","tintindex":0},"down":{"uv":[8.375,4.0,8.875,4.125],"rotation":180,"texture":"#1","tintindex":0}}},{"from":[6.857143,-0.12647152,6.9259024],"to":[9.142858,1.5878139,8.06876],"rotation":{"angle":0.0,"axis":"y","origin":[4.5714283,10.159243,25.211617]},"faces":{"east":{"uv":[8.125,0.875,8.5,1.125],"rotation":90,"texture":"#1","tintindex":0},"south":{"uv":[2.125,6.625,1.625,7.0],"rotation":0,"texture":"#1","tintindex":0},"north":{"uv":[7.0,5.875,6.5,5.5],"rotation":180,"texture":"#1","tintindex":0},"west":{"uv":[8.125,1.25,8.5,1.5],"rotation":270,"texture":"#1","tintindex":0},"up":{"uv":[6.875,7.75,7.375,8.0],"rotation":0,"texture":"#1","tintindex":0},"down":{"uv":[7.75,6.75,8.25,7.0],"rotation":180,"texture":"#1","tintindex":0}}},{"from":[7.714286,-2.983615,7.4401884],"to":[8.285714,-1.8407574,9.154474],"rotation":{"angle":0.0,"axis":"y","origin":[4.5714283,10.159243,25.211617]},"faces":{"east":{"uv":[5.125,8.125,5.375,8.5],"rotation":90,"texture":"#1","tintindex":0},"south":{"uv":[4.75,7.0,4.625,7.25],"rotation":0,"texture":"#1","tintindex":0},"north":{"uv":[0.5,7.25,0.375,7.0],"rotation":180,"texture":"#1","tintindex":0},"west":{"uv":[5.5,8.125,5.75,8.5],"rotation":270,"texture":"#1","tintindex":0},"up":{"uv":[7.125,8.875,7.25,9.25],"rotation":0,"texture":"#1","tintindex":0},"down":{"uv":[5.25,8.875,5.375,9.25],"rotation":180,"texture":"#1","tintindex":0}}},{"from":[7.6285715,-3.0693293,7.354474],"to":[8.3714285,-1.755043,8.097331],"rotation":{"angle":-22.5,"axis":"y","origin":[8.0,-2.4121857,7.7259026]},"faces":{"east":{"uv":[9.0,5.25,9.25,5.375],"rotation":90,"texture":"#1","tintindex":0},"south":{"uv":[9.125,5.75,9.0,6.0],"rotation":0,"texture":"#1","tintindex":0},"north":{"uv":[5.875,9.25,5.75,9.0],"rotation":180,"texture":"#1","tintindex":0},"west":{"uv":[9.0,5.5,9.25,5.625],"rotation":270,"texture":"#1","tintindex":0},"up":{"uv":[9.375,5.125,9.5,5.25],"rotation":0,"texture":"#1","tintindex":0},"down":{"uv":[5.125,9.375,5.25,9.5],"rotation":180,"texture":"#1","tintindex":0}}},{"from":[7.742857,-3.4121866,7.46876],"to":[8.257143,-0.040758133,7.9830456],"rotation":{"angle":0.0,"axis":"y","origin":[4.5714283,10.159243,25.211617]},"faces":{"east":{"uv":[8.125,1.625,8.875,1.75],"rotation":90,"texture":"#1","tintindex":0},"south":{"uv":[8.25,7.125,8.125,7.875],"rotation":0,"texture":"#1","tintindex":0},"north":{"uv":[6.0,8.875,5.875,8.125],"rotation":180,"texture":"#1","tintindex":0},"west":{"uv":[6.625,8.125,7.375,8.25],"rotation":270,"texture":"#1","tintindex":0},"up":{"uv":[9.375,5.375,9.5,5.5],"rotation":0,"texture":"#1","tintindex":0},"down":{"uv":[5.375,9.375,5.5,9.5],"rotation":180,"texture":"#1","tintindex":0}}},{"from":[7.714286,0.44495678,8.06876],"to":[8.285714,1.0163856,9.211617],"rotation":{"angle":0.0,"axis":"y","origin":[4.5714283,10.159243,25.211617]},"faces":{"east":{"uv":[9.0,7.0,9.125,7.25],"rotation":90,"texture":"#1","tintindex":0},"south":{"uv":[9.5,6.5,9.375,6.625],"rotation":0,"texture":"#1","tintindex":0},"north":{"uv":[5.75,9.5,5.625,9.375],"rotation":180,"texture":"#1","tintindex":0},"west":{"uv":[9.0,8.625,9.125,8.875],"rotation":270,"texture":"#1","tintindex":0},"up":{"uv":[9.0,7.375,9.125,7.625],"rotation":0,"texture":"#1","tintindex":0},"down":{"uv":[9.0,6.125,9.125,6.375],"rotation":180,"texture":"#1","tintindex":0}}},{"from":[7.7165713,0.6441703,9.061068],"to":[8.283428,1.2110276,10.7707815],"rotation":{"angle":-22.5,"axis":"x","origin":[8.0,0.92759895,9.63021]},"faces":{"east":{"uv":[8.0,8.875,8.125,9.25],"rotation":90,"texture":"#1","tintindex":0},"south":{"uv":[7.375,9.375,7.25,9.5],"rotation":0,"texture":"#1","tintindex":0},"north":{"uv":[7.125,9.5,7.0,9.375],"rotation":180,"texture":"#1","tintindex":0},"west":{"uv":[8.5,8.875,8.625,9.25],"rotation":270,"texture":"#1","tintindex":0},"up":{"uv":[8.25,8.875,8.375,9.25],"rotation":0,"texture":"#1","tintindex":0},"down":{"uv":[7.75,8.875,7.875,9.25],"rotation":180,"texture":"#1","tintindex":0}}},{"from":[7.428571,6.7306714,8.06876],"to":[8.571428,7.8735285,10.354474],"rotation":{"angle":0.0,"axis":"y","origin":[4.5714283,10.159243,25.211617]},"faces":{"east":{"uv":[0.0,7.75,0.25,8.25],"rotation":90,"texture":"#1","tintindex":0},"south":{"uv":[8.625,4.5,8.375,4.75],"rotation":0,"texture":"#1","tintindex":0},"north":{"uv":[4.375,8.625,4.125,8.375],"rotation":180,"texture":"#1","tintindex":0},"west":{"uv":[7.75,7.125,8.0,7.625],"rotation":270,"texture":"#1","tintindex":0},"up":{"uv":[4.125,7.75,4.375,8.25],"rotation":0,"texture":"#1","tintindex":0},"down":{"uv":[1.5,7.625,1.75,8.125],"rotation":180,"texture":"#1","tintindex":0}}},{"from":[7.3714285,6.1021004,10.297332],"to":[8.6285715,7.9306717,10.983046],"rotation":{"angle":0.0,"axis":"y","origin":[4.5714283,10.159243,25.211617]},"faces":{"east":{"uv":[8.875,8.375,9.25,8.5],"rotation":90,"texture":"#1","tintindex":0},"south":{"uv":[8.125,8.125,7.875,8.5],"rotation":0,"texture":"#1","tintindex":0},"north":{"uv":[7.75,8.5,7.5,8.125],"rotation":180,"texture":"#1","tintindex":0},"west":{"uv":[9.0,0.5,9.375,0.625],"rotation":270,"texture":"#1","tintindex":0},"up":{"uv":[9.0,9.0,9.25,9.125],"rotation":0,"texture":"#1","tintindex":0},"down":{"uv":[9.0,6.5,9.25,6.625],"rotation":180,"texture":"#1","tintindex":0}}},{"from":[7.4314284,2.1934772,7.4087453],"to":[8.568571,5.0449057,8.545888],"rotation":{"angle":-45.0,"axis":"x","origin":[8.0,3.6977634,8.034459]},"faces":{"east":{"uv":[7.0,2.25,7.625,2.5],"rotation":90,"texture":"#1","tintindex":0},"south":{"uv":[4.5,7.0,4.25,7.625],"rotation":0,"texture":"#1","tintindex":0},"north":{"uv":[7.25,3.625,7.0,3.0],"rotation":180,"texture":"#1","tintindex":0},"west":{"uv":[7.0,2.625,7.625,2.875],"rotation":270,"texture":"#1","tintindex":0},"up":{"uv":[6.5,8.375,6.75,8.625],"rotation":0,"texture":"#1","tintindex":0},"down":{"uv":[6.125,8.375,6.375,8.625],"rotation":180,"texture":"#1","tintindex":0}}},{"from":[7.428571,2.023528,7.36876],"to":[8.571428,3.1663857,10.797332],"rotation":{"angle":22.5,"axis":"x","origin":[8.0,2.7306714,9.211617]},"faces":{"east":{"uv":[4.875,6.5,5.125,7.25],"rotation":90,"texture":"#1","tintindex":0},"south":{"uv":[7.125,8.375,6.875,8.625],"rotation":0,"texture":"#1","tintindex":0},"north":{"uv":[8.625,7.0,8.375,6.75],"rotation":180,"texture":"#1","tintindex":0},"west":{"uv":[2.625,6.625,2.875,7.375],"rotation":270,"texture":"#1","tintindex":0},"up":{"uv":[2.25,6.625,2.5,7.375],"rotation":0,"texture":"#1","tintindex":0},"down":{"uv":[0.625,6.5,0.875,7.25],"rotation":180,"texture":"#1","tintindex":0}}},{"from":[7.3714285,0.9663849,10.733046],"to":[8.6285715,2.7949572,11.41876],"rotation":{"angle":22.5,"axis":"x","origin":[8.0,2.4449568,10.640188]},"faces":{"east":{"uv":[0.75,9.0,1.125,9.125],"rotation":90,"texture":"#1","tintindex":0},"south":{"uv":[2.625,8.25,2.375,8.625],"rotation":0,"texture":"#1","tintindex":0},"north":{"uv":[1.625,8.625,1.375,8.25],"rotation":180,"texture":"#1","tintindex":0},"west":{"uv":[1.625,9.0,2.0,9.125],"rotation":270,"texture":"#1","tintindex":0},"up":{"uv":[9.125,0.75,9.375,0.875],"rotation":0,"texture":"#1","tintindex":0},"down":{"uv":[9.125,0.25,9.375,0.375],"rotation":180,"texture":"#1","tintindex":0}}},{"from":[6.857143,12.444958,6.9259024],"to":[9.142858,14.159243,8.06876],"rotation":{"angle":0.0,"axis":"y","origin":[4.5714283,10.159243,25.211617]},"faces":{"east":{"uv":[4.5,8.25,4.875,8.5],"rotation":90,"texture":"#1","tintindex":0},"south":{"uv":[4.125,6.625,3.625,7.0],"rotation":0,"texture":"#1","tintindex":0},"north":{"uv":[3.5,7.0,3.0,6.625],"rotation":180,"texture":"#1","tintindex":0},"west":{"uv":[8.25,8.0,8.625,8.25],"rotation":270,"texture":"#1","tintindex":0},"up":{"uv":[2.375,7.875,2.875,8.125],"rotation":0,"texture":"#1","tintindex":0},"down":{"uv":[7.5,7.75,8.0,8.0],"rotation":180,"texture":"#1","tintindex":0}}},{"from":[6.8599997,13.987516,6.0510654],"to":[9.14,15.696088,6.61678],"rotation":{"angle":-22.5,"axis":"x","origin":[9.142858,14.841803,6.333923]},"faces":{"east":{"uv":[9.0,1.625,9.375,1.75],"rotation":90,"texture":"#1","tintindex":0},"south":{"uv":[7.125,4.5,6.625,4.875],"rotation":0,"texture":"#1","tintindex":0},"north":{"uv":[7.125,4.375,6.625,4.0],"rotation":180,"texture":"#1","tintindex":0},"west":{"uv":[2.125,9.0,2.5,9.125],"rotation":270,"texture":"#1","tintindex":0},"up":{"uv":[8.375,7.125,8.875,7.25],"rotation":0,"texture":"#1","tintindex":0},"down":{"uv":[8.375,6.0,8.875,6.125],"rotation":180,"texture":"#1","tintindex":0}}},{"from":[6.857143,14.159243,5.211617],"to":[9.142858,15.873529,6.354474],"rotation":{"angle":0.0,"axis":"y","origin":[4.5714283,11.8735285,23.497332]},"faces":{"east":{"uv":[1.75,8.375,2.125,8.625],"rotation":90,"texture":"#1","tintindex":0},"south":{"uv":[7.0,6.625,6.5,7.0],"rotation":0,"texture":"#1","tintindex":0},"north":{"uv":[6.375,7.0,5.875,6.625],"rotation":180,"texture":"#1","tintindex":0},"west":{"uv":[8.375,1.875,8.75,2.125],"rotation":270,"texture":"#1","tintindex":0},"up":{"uv":[4.5,7.875,5.0,8.125],"rotation":0,"texture":"#1","tintindex":0},"down":{"uv":[7.875,3.0,8.375,3.25],"rotation":180,"texture":"#1","tintindex":0}}},{"from":[6.857143,15.3021,4.640188],"to":[9.142858,15.873529,5.211617],"rotation":{"angle":0.0,"axis":"y","origin":[4.5714283,11.8735285,23.497332]},"faces":{"east":{"uv":[7.5,9.375,7.625,9.5],"rotation":90,"texture":"#1","tintindex":0},"south":{"uv":[9.0,3.0,8.5,3.125],"rotation":0,"texture":"#1","tintindex":0},"north":{"uv":[8.75,8.5,8.25,8.375],"rotation":180,"texture":"#1","tintindex":0},"west":{"uv":[7.75,9.375,7.875,9.5],"rotation":270,"texture":"#1","tintindex":0},"up":{"uv":[8.375,7.625,8.875,7.75],"rotation":0,"texture":"#1","tintindex":0},"down":{"uv":[8.375,7.375,8.875,7.5],"rotation":180,"texture":"#1","tintindex":0}}}],"display":{"head":{"translation":[0.0,-6.4,0.0],"scale":[4.0,4.0,4.0]}}}