{"textures":{"3":"modelengine:entity/bolitum2"},"elements":[{"from":[6.857143,6.857143,7.7],"to":[9.142858,9.142858,9.985714],"rotation":{"angle":0.0,"axis":"y","origin":[12.857143,15.542857,16.842857]},"faces":{"east":{"uv":[0.0,2.5,2.0,4.5],"rotation":90,"texture":"#3","tintindex":0},"south":{"uv":[7.0,0.0,5.0,2.0],"rotation":0,"texture":"#3","tintindex":0},"north":{"uv":[2.0,7.0,0.0,5.0],"rotation":180,"texture":"#3","tintindex":0},"west":{"uv":[2.5,2.5,4.5,4.5],"rotation":270,"texture":"#3","tintindex":0},"up":{"uv":[2.5,0.0,4.5,2.0],"rotation":0,"texture":"#3","tintindex":0},"down":{"uv":[0.0,0.0,2.0,2.0],"rotation":180,"texture":"#3","tintindex":0}}},{"from":[7.428571,7.428571,7.2714286],"to":[8.571428,8.571428,7.842857],"rotation":{"angle":0.0,"axis":"y","origin":[12.857143,15.542857,16.842857]},"faces":{"east":{"uv":[2.5,6.5,3.5,7.0],"rotation":90,"texture":"#3","tintindex":0},"south":{"uv":[6.0,2.5,5.0,3.5],"rotation":0,"texture":"#3","tintindex":0},"north":{"uv":[3.5,6.0,2.5,5.0],"rotation":180,"texture":"#3","tintindex":0},"west":{"uv":[4.0,6.5,5.0,7.0],"rotation":270,"texture":"#3","tintindex":0},"up":{"uv":[6.5,2.5,7.5,3.0],"rotation":0,"texture":"#3","tintindex":0},"down":{"uv":[5.5,5.5,6.5,6.0],"rotation":180,"texture":"#3","tintindex":0}}},{"from":[8.228572,7.9428573,7.1857142],"to":[8.342857,8.057143,7.2999997],"rotation":{"angle":0.0,"axis":"y","origin":[12.857143,15.542857,16.842857]},"faces":{"east":{"uv":[2.5,7.5,3.0,8.0],"rotation":90,"texture":"#3","tintindex":0},"south":{"uv":[7.0,7.5,6.5,8.0],"rotation":0,"texture":"#3","tintindex":0},"north":{"uv":[6.0,8.0,5.5,7.5],"rotation":180,"texture":"#3","tintindex":0},"west":{"uv":[4.5,7.5,5.0,8.0],"rotation":270,"texture":"#3","tintindex":0},"up":{"uv":[3.5,7.5,4.0,8.0],"rotation":0,"texture":"#3","tintindex":0},"down":{"uv":[1.5,7.5,2.0,8.0],"rotation":180,"texture":"#3","tintindex":0}}},{"from":[7.6571426,7.9428573,7.1857142],"to":[7.7714286,8.057143,7.2999997],"rotation":{"angle":0.0,"axis":"y","origin":[12.857143,15.542857,16.842857]},"faces":{"east":{"uv":[8.0,2.0,8.5,2.5],"rotation":90,"texture":"#3","tintindex":0},"south":{"uv":[3.5,8.5,3.0,9.0],"rotation":0,"texture":"#3","tintindex":0},"north":{"uv":[2.5,9.0,2.0,8.5],"rotation":180,"texture":"#3","tintindex":0},"west":{"uv":[1.0,8.5,1.5,9.0],"rotation":270,"texture":"#3","tintindex":0},"up":{"uv":[0.0,8.5,0.5,9.0],"rotation":0,"texture":"#3","tintindex":0},"down":{"uv":[7.5,7.5,8.0,8.0],"rotation":180,"texture":"#3","tintindex":0}}},{"from":[7.6571426,7.9428573,7.0714293],"to":[8.342857,8.057143,7.1857147],"rotation":{"angle":0.0,"axis":"y","origin":[12.857143,15.542857,16.87143]},"faces":{"east":{"uv":[8.5,3.0,9.0,3.5],"rotation":90,"texture":"#3","tintindex":0},"south":{"uv":[8.0,5.5,7.0,6.0],"rotation":0,"texture":"#3","tintindex":0},"north":{"uv":[8.0,5.0,7.0,4.5],"rotation":180,"texture":"#3","tintindex":0},"west":{"uv":[4.0,8.5,4.5,9.0],"rotation":270,"texture":"#3","tintindex":0},"up":{"uv":[7.0,3.5,8.0,4.0],"rotation":0,"texture":"#3","tintindex":0},"down":{"uv":[5.5,6.5,6.5,7.0],"rotation":180,"texture":"#3","tintindex":0}}},{"from":[7.3142858,7.3142858,9.585714],"to":[8.685715,8.685715,10.385715],"rotation":{"angle":0.0,"axis":"y","origin":[12.857143,15.542857,16.842857]},"faces":{"east":{"uv":[0.0,7.5,1.0,8.0],"rotation":90,"texture":"#3","tintindex":0},"south":{"uv":[6.5,4.0,5.5,5.0],"rotation":0,"texture":"#3","tintindex":0},"north":{"uv":[5.0,6.0,4.0,5.0],"rotation":180,"texture":"#3","tintindex":0},"west":{"uv":[7.5,1.0,8.5,1.5],"rotation":270,"texture":"#3","tintindex":0},"up":{"uv":[7.5,0.0,8.5,0.5],"rotation":0,"texture":"#3","tintindex":0},"down":{"uv":[7.0,6.5,8.0,7.0],"rotation":180,"texture":"#3","tintindex":0}}}],"display":{"head":{"translation":[0.0,-6.4,0.0],"scale":[4.0,4.0,4.0]}}}