{"textures":{"0":"modelengine:entity/em_cursed_santa"},"elements":[{"from":[5.714286,8.571428,5.6499996],"to":[10.285714,13.714286,10.221429],"rotation":{"angle":0.0,"axis":"y","origin":[7.957143,9.142858,8.0]},"faces":{"east":{"uv":[3.877,0.002,4.373,0.5605],"rotation":0,"texture":"#0","tintindex":0},"south":{"uv":[3.8145,3.877,4.3105,4.4355],"rotation":0,"texture":"#0","tintindex":0},"north":{"uv":[3.8145,3.252,4.3105,3.8105],"rotation":0,"texture":"#0","tintindex":0},"west":{"uv":[2.252,3.9395,2.748,4.498],"rotation":0,"texture":"#0","tintindex":0},"up":{"uv":[5.498,0.498,5.002,0.002],"rotation":0,"texture":"#0","tintindex":0},"down":{"uv":[5.498,1.252,5.002,1.748],"rotation":0,"texture":"#0","tintindex":0}}},{"from":[6.285714,13.714286,5.6499996],"to":[9.714286,14.285715,10.221429],"rotation":{"angle":0.0,"axis":"y","origin":[7.957143,14.285715,8.0]},"faces":{"east":{"uv":[9.5645,8.752,10.0605,8.8105],"rotation":0,"texture":"#0","tintindex":0},"south":{"uv":[9.6895,7.127,10.0605,7.1855],"rotation":0,"texture":"#0","tintindex":0},"north":{"uv":[9.6895,6.5645,10.0605,6.623],"rotation":0,"texture":"#0","tintindex":0},"west":{"uv":[9.5645,8.877,10.0605,8.9355],"rotation":0,"texture":"#0","tintindex":0},"up":{"uv":[7.3105,1.3105,6.9395,0.8145],"rotation":0,"texture":"#0","tintindex":0},"down":{"uv":[7.3105,1.377,6.9395,1.873],"rotation":0,"texture":"#0","tintindex":0}}},{"from":[4.5714283,12.756822,5.1069875],"to":[11.428572,14.4711075,11.96413],"rotation":{"angle":22.5,"axis":"x","origin":[8.0,13.756822,7.9641304]},"faces":{"east":{"uv":[7.377,1.252,8.123,1.4355],"rotation":0,"texture":"#0","tintindex":0},"south":{"uv":[7.377,1.502,8.123,1.6855],"rotation":0,"texture":"#0","tintindex":0},"north":{"uv":[5.5645,0.3145,6.3105,0.498],"rotation":0,"texture":"#0","tintindex":0},"west":{"uv":[7.377,2.377,8.123,2.5605],"rotation":0,"texture":"#0","tintindex":0},"up":{"uv":[2.0605,1.998,1.3145,1.252],"rotation":0,"texture":"#0","tintindex":0},"down":{"uv":[0.748,1.377,0.002,2.123],"rotation":0,"texture":"#0","tintindex":0}}},{"from":[5.1714287,11.028572,2.3142858],"to":[10.828571,14.971429,7.4],"rotation":{"angle":45.0,"axis":"x","origin":[8.0,8.142858,9.714286]},"faces":{"east":{"uv":[0.627,5.252,1.1855,5.6855],"rotation":0,"texture":"#0","tintindex":0},"south":{"uv":[4.9395,3.752,5.5605,4.1855],"rotation":0,"texture":"#0","tintindex":0},"north":{"uv":[4.9395,3.252,5.5605,3.6855],"rotation":0,"texture":"#0","tintindex":0},"west":{"uv":[2.3145,5.252,2.873,5.6855],"rotation":0,"texture":"#0","tintindex":0},"up":{"uv":[2.9355,3.123,2.3145,2.5645],"rotation":0,"texture":"#0","tintindex":0},"down":{"uv":[3.248,0.002,2.627,0.5605],"rotation":0,"texture":"#0","tintindex":0}}},{"from":[5.1714287,10.497549,2.354692],"to":[10.828571,11.011835,4.0118346],"rotation":{"angle":45.0,"axis":"x","origin":[8.0,8.183264,9.754692]},"faces":{"east":{"uv":[10.3145,1.002,10.498,1.0605],"rotation":0,"texture":"#0","tintindex":0},"south":{"uv":[9.502,6.3145,10.123,6.373],"rotation":0,"texture":"#0","tintindex":0},"north":{"uv":[9.377,4.752,9.998,4.8105],"rotation":0,"texture":"#0","tintindex":0},"west":{"uv":[1.502,10.3145,1.6855,10.373],"rotation":0,"texture":"#0","tintindex":0},"up":{"uv":[8.8105,0.623,8.1895,0.4395],"rotation":0,"texture":"#0","tintindex":0},"down":{"uv":[8.8105,1.4395,8.1895,1.623],"rotation":0,"texture":"#0","tintindex":0}}},{"from":[5.714286,15.0,12.0],"to":[10.285714,19.0,15.428572],"rotation":{"angle":-22.5,"axis":"x","origin":[8.0,11.0,13.714286]},"faces":{"east":{"uv":[7.002,0.002,7.373,0.4355],"rotation":0,"texture":"#0","tintindex":0},"south":{"uv":[3.502,5.752,3.998,6.1855],"rotation":0,"texture":"#0","tintindex":0},"north":{"uv":[2.252,5.752,2.748,6.1855],"rotation":0,"texture":"#0","tintindex":0},"west":{"uv":[0.502,7.002,0.873,7.4355],"rotation":0,"texture":"#0","tintindex":0},"up":{"uv":[6.373,3.1855,5.877,2.8145],"rotation":0,"texture":"#0","tintindex":0},"down":{"uv":[7.4355,1.9395,6.9395,2.3105],"rotation":0,"texture":"#0","tintindex":0}}},{"from":[6.285714,13.857143,9.142858],"to":[9.714286,17.285715,12.571428],"rotation":{"angle":22.5,"axis":"x","origin":[8.0,11.0,14.285715]},"faces":{"east":{"uv":[7.377,5.627,7.748,5.998],"rotation":0,"texture":"#0","tintindex":0},"south":{"uv":[7.3145,7.377,7.6855,7.748],"rotation":0,"texture":"#0","tintindex":0},"north":{"uv":[7.377,5.1895,7.748,5.5605],"rotation":0,"texture":"#0","tintindex":0},"west":{"uv":[7.4395,0.002,7.8105,0.373],"rotation":0,"texture":"#0","tintindex":0},"up":{"uv":[7.8105,4.248,7.4395,3.877],"rotation":0,"texture":"#0","tintindex":0},"down":{"uv":[6.123,7.4395,5.752,7.8105],"rotation":0,"texture":"#0","tintindex":0}}},{"from":[6.9714284,14.120386,13.671204],"to":[9.028571,16.177528,15.156918],"rotation":{"angle":45.0,"axis":"x","origin":[8.0,15.148958,14.985489]},"faces":{"east":{"uv":[4.752,9.252,4.9355,9.498],"rotation":0,"texture":"#0","tintindex":0},"south":{"uv":[8.9395,6.502,9.1855,6.748],"rotation":0,"texture":"#0","tintindex":0},"north":{"uv":[2.6895,2.252,2.9355,2.498],"rotation":0,"texture":"#0","tintindex":0},"west":{"uv":[9.252,9.1895,9.4355,9.4355],"rotation":0,"texture":"#0","tintindex":0},"up":{"uv":[9.498,7.6855,9.252,7.502],"rotation":0,"texture":"#0","tintindex":0},"down":{"uv":[9.5605,0.377,9.3145,0.5605],"rotation":0,"texture":"#0","tintindex":0}}},{"from":[7.3714285,14.520386,14.642632],"to":[8.6285715,15.777529,16.471203],"rotation":{"angle":45.0,"axis":"x","origin":[8.0,15.148958,14.985489]},"faces":{"east":{"uv":[4.002,9.8145,4.1855,9.9355],"rotation":0,"texture":"#0","tintindex":0},"south":{"uv":[3.5645,10.1895,3.6855,10.3105],"rotation":0,"texture":"#0","tintindex":0},"north":{"uv":[9.752,10.127,9.873,10.248],"rotation":0,"texture":"#0","tintindex":0},"west":{"uv":[4.252,9.8145,4.4355,9.9355],"rotation":0,"texture":"#0","tintindex":0},"up":{"uv":[4.623,9.998,4.502,9.8145],"rotation":0,"texture":"#0","tintindex":0},"down":{"uv":[4.8105,9.8145,4.6895,9.998],"rotation":0,"texture":"#0","tintindex":0}}},{"from":[6.857143,11.0,12.171429],"to":[9.142858,13.285715,14.457144],"rotation":{"angle":45.0,"axis":"x","origin":[8.0,8.714286,16.57143]},"faces":{"east":{"uv":[8.9395,7.127,9.1855,7.373],"rotation":0,"texture":"#0","tintindex":0},"south":{"uv":[7.4395,8.9395,7.6855,9.1855],"rotation":0,"texture":"#0","tintindex":0},"north":{"uv":[8.9395,6.8145,9.1855,7.0605],"rotation":0,"texture":"#0","tintindex":0},"west":{"uv":[4.127,9.002,4.373,9.248],"rotation":0,"texture":"#0","tintindex":0},"up":{"uv":[4.6855,9.248,4.4395,9.002],"rotation":0,"texture":"#0","tintindex":0},"down":{"uv":[5.748,9.002,5.502,9.248],"rotation":0,"texture":"#0","tintindex":0}}},{"from":[7.428571,11.860219,17.417086],"to":[8.571428,13.003077,17.988514],"rotation":{"angle":45.0,"axis":"x","origin":[8.0,12.431647,17.7028]},"faces":{"east":{"uv":[10.3145,7.752,10.373,7.873],"rotation":0,"texture":"#0","tintindex":0},"south":{"uv":[10.127,3.252,10.248,3.373],"rotation":0,"texture":"#0","tintindex":0},"north":{"uv":[10.127,1.752,10.248,1.873],"rotation":0,"texture":"#0","tintindex":0},"west":{"uv":[7.8145,10.3145,7.873,10.4355],"rotation":0,"texture":"#0","tintindex":0},"up":{"uv":[7.6855,4.8105,7.5645,4.752],"rotation":0,"texture":"#0","tintindex":0},"down":{"uv":[1.0605,8.752,0.9395,8.8105],"rotation":0,"texture":"#0","tintindex":0}}},{"from":[6.285714,11.571428,12.171429],"to":[6.857143,12.714286,14.457144],"rotation":{"angle":45.0,"axis":"x","origin":[8.0,8.714286,16.57143]},"faces":{"east":{"uv":[9.627,1.002,9.873,1.123],"rotation":0,"texture":"#0","tintindex":0},"south":{"uv":[10.3145,7.1895,10.373,7.3105],"rotation":0,"texture":"#0","tintindex":0},"north":{"uv":[10.3145,6.002,10.373,6.123],"rotation":0,"texture":"#0","tintindex":0},"west":{"uv":[9.627,2.002,9.873,2.123],"rotation":0,"texture":"#0","tintindex":0},"up":{"uv":[5.498,10.373,5.4395,10.127],"rotation":0,"texture":"#0","tintindex":0},"down":{"uv":[5.623,10.127,5.5645,10.373],"rotation":0,"texture":"#0","tintindex":0}}},{"from":[9.142858,11.571428,12.171429],"to":[9.714286,12.714286,14.457144],"rotation":{"angle":45.0,"axis":"x","origin":[8.0,8.714286,16.57143]},"faces":{"east":{"uv":[9.627,2.1895,9.873,2.3105],"rotation":0,"texture":"#0","tintindex":0},"south":{"uv":[7.6895,10.3145,7.748,10.4355],"rotation":0,"texture":"#0","tintindex":0},"north":{"uv":[7.5645,10.3145,7.623,10.4355],"rotation":0,"texture":"#0","tintindex":0},"west":{"uv":[9.627,4.877,9.873,4.998],"rotation":0,"texture":"#0","tintindex":0},"up":{"uv":[5.748,10.373,5.6895,10.127],"rotation":0,"texture":"#0","tintindex":0},"down":{"uv":[5.873,10.127,5.8145,10.373],"rotation":0,"texture":"#0","tintindex":0}}},{"from":[10.285714,8.571428,5.6499996],"to":[10.857143,10.857143,10.221429],"rotation":{"angle":0.0,"axis":"y","origin":[8.528571,9.142858,8.0]},"faces":{"east":{"uv":[7.752,6.9395,8.248,7.1855],"rotation":0,"texture":"#0","tintindex":0},"south":{"uv":[5.3145,10.002,5.373,10.248],"rotation":0,"texture":"#0","tintindex":0},"north":{"uv":[7.002,4.377,7.0605,4.623],"rotation":0,"texture":"#0","tintindex":0},"west":{"uv":[7.752,7.252,8.248,7.498],"rotation":0,"texture":"#0","tintindex":0},"up":{"uv":[8.998,10.0605,8.9395,9.5645],"rotation":0,"texture":"#0","tintindex":0},"down":{"uv":[9.6855,0.002,9.627,0.498],"rotation":0,"texture":"#0","tintindex":0}}},{"from":[6.8599997,10.288571,5.0814285],"to":[9.14,10.854286,5.6471424],"rotation":{"angle":0.0,"axis":"y","origin":[8.528571,7.428571,3.4285712]},"faces":{"east":{"uv":[10.3145,8.0645,10.373,8.123],"rotation":0,"texture":"#0","tintindex":0},"south":{"uv":[10.0645,10.0645,10.3105,10.123],"rotation":0,"texture":"#0","tintindex":0},"north":{"uv":[10.0645,4.752,10.3105,4.8105],"rotation":0,"texture":"#0","tintindex":0},"west":{"uv":[8.627,10.3145,8.6855,10.373],"rotation":0,"texture":"#0","tintindex":0},"up":{"uv":[10.373,0.0605,10.127,0.002],"rotation":0,"texture":"#0","tintindex":0},"down":{"uv":[0.373,10.127,0.127,10.1855],"rotation":0,"texture":"#0","tintindex":0}}},{"from":[9.0352335,9.737749,5.080285],"to":[10.746091,10.877177,5.648286],"rotation":{"angle":-22.5,"axis":"z","origin":[9.033519,10.593178,5.3642855]},"faces":{"east":{"uv":[6.502,4.6895,6.5605,4.8105],"rotation":0,"texture":"#0","tintindex":0},"south":{"uv":[8.627,9.752,8.8105,9.873],"rotation":0,"texture":"#0","tintindex":0},"north":{"uv":[8.002,9.752,8.1855,9.873],"rotation":0,"texture":"#0","tintindex":0},"west":{"uv":[7.377,1.752,7.4355,1.873],"rotation":0,"texture":"#0","tintindex":0},"up":{"uv":[4.3105,1.1855,4.127,1.127],"rotation":0,"texture":"#0","tintindex":0},"down":{"uv":[5.6855,7.752,5.502,7.8105],"rotation":0,"texture":"#0","tintindex":0}}},{"from":[5.253909,9.737749,5.080285],"to":[6.9647665,10.877177,5.648286],"rotation":{"angle":22.5,"axis":"z","origin":[6.9664807,10.593178,5.3642855]},"faces":{"east":{"uv":[1.127,8.377,1.1855,8.498],"rotation":0,"texture":"#0","tintindex":0},"south":{"uv":[9.3145,9.752,9.498,9.873],"rotation":0,"texture":"#0","tintindex":0},"north":{"uv":[9.0645,9.752,9.248,9.873],"rotation":0,"texture":"#0","tintindex":0},"west":{"uv":[2.3145,8.9395,2.373,9.0605],"rotation":0,"texture":"#0","tintindex":0},"up":{"uv":[0.998,7.9355,0.8145,7.877],"rotation":0,"texture":"#0","tintindex":0},"down":{"uv":[1.4355,8.002,1.252,8.0605],"rotation":0,"texture":"#0","tintindex":0}}},{"from":[5.7142854,8.571428,10.221429],"to":[10.285714,13.142858,10.792857],"rotation":{"angle":0.0,"axis":"y","origin":[7.9357142,8.571428,8.464286]},"faces":{"east":{"uv":[3.502,9.627,3.5605,10.123],"rotation":0,"texture":"#0","tintindex":0},"south":{"uv":[3.3145,5.127,3.8105,5.623],"rotation":0,"texture":"#0","tintindex":0},"north":{"uv":[5.0645,4.877,5.5605,5.373],"rotation":0,"texture":"#0","tintindex":0},"west":{"uv":[3.627,9.627,3.6855,10.123],"rotation":0,"texture":"#0","tintindex":0},"up":{"uv":[10.0605,9.0605,9.5645,9.002],"rotation":0,"texture":"#0","tintindex":0},"down":{"uv":[10.123,0.5645,9.627,0.623],"rotation":0,"texture":"#0","tintindex":0}}},{"from":[5.142857,8.571428,5.6499996],"to":[5.714286,10.857143,10.221429],"rotation":{"angle":0.0,"axis":"y","origin":[7.4714284,9.142858,8.0]},"faces":{"east":{"uv":[7.752,7.5645,8.248,7.8105],"rotation":0,"texture":"#0","tintindex":0},"south":{"uv":[1.752,10.0645,1.8105,10.3105],"rotation":0,"texture":"#0","tintindex":0},"north":{"uv":[7.8145,10.002,7.873,10.248],"rotation":0,"texture":"#0","tintindex":0},"west":{"uv":[7.8145,0.752,8.3105,0.998],"rotation":0,"texture":"#0","tintindex":0},"up":{"uv":[3.3105,10.123,3.252,9.627],"rotation":0,"texture":"#0","tintindex":0},"down":{"uv":[3.4355,9.627,3.377,10.123],"rotation":0,"texture":"#0","tintindex":0}}},{"from":[5.428571,10.857143,5.692857],"to":[6.0,13.714286,10.264286],"rotation":{"angle":0.0,"axis":"y","origin":[7.4714284,9.142858,8.0]},"faces":{"east":{"uv":[2.127,1.6895,2.623,1.998],"rotation":0,"texture":"#0","tintindex":0},"south":{"uv":[4.252,10.002,4.3105,10.3105],"rotation":0,"texture":"#0","tintindex":0},"north":{"uv":[4.127,10.002,4.1855,10.3105],"rotation":0,"texture":"#0","tintindex":0},"west":{"uv":[0.002,2.1895,0.498,2.498],"rotation":0,"texture":"#0","tintindex":0},"up":{"uv":[3.8105,10.123,3.752,9.627],"rotation":0,"texture":"#0","tintindex":0},"down":{"uv":[3.9355,9.627,3.877,10.123],"rotation":0,"texture":"#0","tintindex":0}}},{"from":[10.0,10.857143,5.692857],"to":[10.571428,13.714286,10.264286],"rotation":{"angle":0.0,"axis":"y","origin":[8.528571,9.142858,8.0]},"faces":{"east":{"uv":[0.9395,7.1895,1.4355,7.498],"rotation":0,"texture":"#0","tintindex":0},"south":{"uv":[4.877,10.002,4.9355,10.3105],"rotation":0,"texture":"#0","tintindex":0},"north":{"uv":[4.377,10.002,4.4355,10.3105],"rotation":0,"texture":"#0","tintindex":0},"west":{"uv":[2.3145,7.1895,2.8105,7.498],"rotation":0,"texture":"#0","tintindex":0},"up":{"uv":[9.6855,5.5605,9.627,5.0645],"rotation":0,"texture":"#0","tintindex":0},"down":{"uv":[9.6855,5.627,9.627,6.123],"rotation":0,"texture":"#0","tintindex":0}}},{"from":[6.285714,6.857143,6.2214284],"to":[9.714286,8.571428,9.65],"rotation":{"angle":0.0,"axis":"y","origin":[8.042857,8.571428,8.0]},"faces":{"east":{"uv":[0.9395,8.877,1.3105,9.0605],"rotation":0,"texture":"#0","tintindex":0},"south":{"uv":[8.877,1.3145,9.248,1.498],"rotation":0,"texture":"#0","tintindex":0},"north":{"uv":[8.877,0.377,9.248,0.5605],"rotation":0,"texture":"#0","tintindex":0},"west":{"uv":[8.877,1.5645,9.248,1.748],"rotation":0,"texture":"#0","tintindex":0},"up":{"uv":[7.6855,7.3105,7.3145,6.9395],"rotation":0,"texture":"#0","tintindex":0},"down":{"uv":[7.748,0.8145,7.377,1.1855],"rotation":0,"texture":"#0","tintindex":0}}}],"display":{"head":{"translation":[0.0,-6.4,0.0],"scale":[4.0,4.0,4.0]}}}