{"textures":{"0":"modelengine:entity/em_cursed_santa"},"elements":[{"from":[5.6571426,5.771428,6.942857],"to":[8.914286,8.457143,10.2],"rotation":{"angle":0.0,"axis":"y","origin":[9.857143,7.9714284,8.285714]},"faces":{"east":{"uv":[7.002,8.127,7.373,8.4355],"rotation":0,"texture":"#0","tintindex":0},"south":{"uv":[8.1895,1.0645,8.5605,1.373],"rotation":0,"texture":"#0","tintindex":0},"north":{"uv":[3.752,8.127,4.123,8.4355],"rotation":0,"texture":"#0","tintindex":0},"west":{"uv":[8.1895,2.1895,8.5605,2.498],"rotation":0,"texture":"#0","tintindex":0},"up":{"uv":[2.9355,8.0605,2.5645,7.6895],"rotation":0,"texture":"#0","tintindex":0},"down":{"uv":[4.123,7.6895,3.752,8.0605],"rotation":0,"texture":"#0","tintindex":0}}},{"from":[6.142857,6.257143,6.428571],"to":[8.428572,7.9714284,7.0],"rotation":{"angle":0.0,"axis":"y","origin":[9.857143,7.9714284,7.857143]},"faces":{"east":{"uv":[1.252,10.3145,1.3105,10.498],"rotation":0,"texture":"#0","tintindex":0},"south":{"uv":[5.502,9.3145,5.748,9.498],"rotation":0,"texture":"#0","tintindex":0},"north":{"uv":[2.9395,9.3145,3.1855,9.498],"rotation":0,"texture":"#0","tintindex":0},"west":{"uv":[1.377,10.3145,1.4355,10.498],"rotation":0,"texture":"#0","tintindex":0},"up":{"uv":[0.6855,10.248,0.4395,10.1895],"rotation":0,"texture":"#0","tintindex":0},"down":{"uv":[10.4355,0.502,10.1895,0.5605],"rotation":0,"texture":"#0","tintindex":0}}},{"from":[5.9142857,4.9714284,6.6],"to":[8.657143,5.428571,9.342857],"rotation":{"angle":-22.5,"axis":"x","origin":[7.285714,5.2571425,8.571428]},"faces":{"east":{"uv":[10.002,0.377,10.3105,0.4355],"rotation":0,"texture":"#0","tintindex":0},"south":{"uv":[10.002,3.127,10.3105,3.1855],"rotation":0,"texture":"#0","tintindex":0},"north":{"uv":[9.9395,8.0645,10.248,8.123],"rotation":0,"texture":"#0","tintindex":0},"west":{"uv":[10.002,3.5645,10.3105,3.623],"rotation":0,"texture":"#0","tintindex":0},"up":{"uv":[3.623,8.8105,3.3145,8.502],"rotation":0,"texture":"#0","tintindex":0},"down":{"uv":[8.8105,3.3145,8.502,3.623],"rotation":0,"texture":"#0","tintindex":0}}},{"from":[5.9714284,0.22857094,6.8],"to":[8.6,5.714286,10.0],"rotation":{"angle":0.0,"axis":"y","origin":[7.285714,4.685714,8.571428]},"faces":{"east":{"uv":[5.502,5.4395,5.873,6.0605],"rotation":0,"texture":"#0","tintindex":0},"south":{"uv":[5.502,6.127,5.8105,6.748],"rotation":0,"texture":"#0","tintindex":0},"north":{"uv":[6.127,4.1895,6.4355,4.8105],"rotation":0,"texture":"#0","tintindex":0},"west":{"uv":[5.5645,0.877,5.9355,1.498],"rotation":0,"texture":"#0","tintindex":0},"up":{"uv":[2.623,8.498,2.3145,8.127],"rotation":0,"texture":"#0","tintindex":0},"down":{"uv":[8.4355,3.377,8.127,3.748],"rotation":0,"texture":"#0","tintindex":0}}},{"from":[5.771428,2.885714,6.5714283],"to":[8.8,3.628571,10.171429],"rotation":{"angle":0.0,"axis":"y","origin":[7.285714,3.5428567,8.3714285]},"faces":{"east":{"uv":[9.8145,2.5645,10.1855,2.623],"rotation":0,"texture":"#0","tintindex":0},"south":{"uv":[9.9395,7.9395,10.248,7.998],"rotation":0,"texture":"#0","tintindex":0},"north":{"uv":[9.9395,7.377,10.248,7.4355],"rotation":0,"texture":"#0","tintindex":0},"west":{"uv":[9.8145,3.8145,10.1855,3.873],"rotation":0,"texture":"#0","tintindex":0},"up":{"uv":[1.5605,8.498,1.252,8.127],"rotation":0,"texture":"#0","tintindex":0},"down":{"uv":[8.4355,1.752,8.127,2.123],"rotation":0,"texture":"#0","tintindex":0}}},{"from":[5.5142856,4.6285715,6.5714283],"to":[9.057143,5.885714,10.114285],"rotation":{"angle":0.0,"axis":"y","origin":[7.5714283,5.8285713,8.514286]},"faces":{"east":{"uv":[4.127,9.3145,4.498,9.4355],"rotation":0,"texture":"#0","tintindex":0},"south":{"uv":[0.002,9.377,0.373,9.498],"rotation":0,"texture":"#0","tintindex":0},"north":{"uv":[9.3145,3.627,9.6855,3.748],"rotation":0,"texture":"#0","tintindex":0},"west":{"uv":[1.752,9.377,2.123,9.498],"rotation":0,"texture":"#0","tintindex":0},"up":{"uv":[0.373,8.0605,0.002,7.6895],"rotation":0,"texture":"#0","tintindex":0},"down":{"uv":[1.873,7.6895,1.502,8.0605],"rotation":0,"texture":"#0","tintindex":0}}}],"display":{"head":{"translation":[0.0,-6.4,0.0],"scale":[4.0,4.0,4.0]}}}