{"textures":{"0":"modelengine:entity/em_cursed_santa"},"elements":[{"from":[5.0957956,6.805789,5.5276127],"to":[9.671796,8.524646,5.532184],"rotation":{"angle":-45.0,"axis":"x","origin":[6.526653,6.836148,5.554613]},"faces":{"east":{"uv":[2.502,10.502,2.502,10.6855],"rotation":0,"texture":"#0","tintindex":0},"south":{"uv":[8.6895,7.502,9.1855,7.6855],"rotation":0,"texture":"#0","tintindex":0},"north":{"uv":[7.4395,8.6895,7.9355,8.873],"rotation":0,"texture":"#0","tintindex":0},"west":{"uv":[2.5645,10.502,2.5645,10.6855],"rotation":0,"texture":"#0","tintindex":0},"up":{"uv":[10.9355,4.627,10.4395,4.627],"rotation":0,"texture":"#0","tintindex":0},"down":{"uv":[10.9355,9.3145,10.4395,9.3145],"rotation":0,"texture":"#0","tintindex":0}}},{"from":[9.685425,6.776719,5.4034715],"to":[9.689997,8.495576,10.5509],"rotation":{"angle":-22.5,"axis":"z","origin":[9.687711,7.064719,7.4057574]},"faces":{"east":{"uv":[8.3145,7.002,8.873,7.1855],"rotation":0,"texture":"#0","tintindex":0},"south":{"uv":[2.252,10.502,2.252,10.6855],"rotation":0,"texture":"#0","tintindex":0},"north":{"uv":[2.1895,10.502,2.1895,10.6855],"rotation":0,"texture":"#0","tintindex":0},"west":{"uv":[8.3145,7.252,8.873,7.4355],"rotation":0,"texture":"#0","tintindex":0},"up":{"uv":[2.3145,11.0605,2.3145,10.502],"rotation":0,"texture":"#0","tintindex":0},"down":{"uv":[2.4395,10.502,2.4395,11.0605],"rotation":0,"texture":"#0","tintindex":0}}},{"from":[5.0957956,6.805789,10.467815],"to":[9.671796,8.524646,10.472387],"rotation":{"angle":22.5,"axis":"x","origin":[6.526653,6.836148,10.445387]},"faces":{"east":{"uv":[2.0645,10.502,2.0645,10.6855],"rotation":0,"texture":"#0","tintindex":0},"south":{"uv":[5.127,8.6895,5.623,8.873],"rotation":0,"texture":"#0","tintindex":0},"north":{"uv":[1.877,8.6895,2.373,8.873],"rotation":0,"texture":"#0","tintindex":0},"west":{"uv":[2.127,10.502,2.127,10.6855],"rotation":0,"texture":"#0","tintindex":0},"up":{"uv":[10.873,4.0645,10.377,4.0645],"rotation":0,"texture":"#0","tintindex":0},"down":{"uv":[10.9355,1.377,10.4395,1.377],"rotation":0,"texture":"#0","tintindex":0}}},{"from":[4.9803658,6.776719,5.4034715],"to":[4.9849377,8.495576,10.5509],"rotation":{"angle":22.5,"axis":"z","origin":[4.9826517,7.064719,7.4057574]},"faces":{"east":{"uv":[8.3145,6.502,8.873,6.6855],"rotation":0,"texture":"#0","tintindex":0},"south":{"uv":[1.877,10.502,1.877,10.6855],"rotation":0,"texture":"#0","tintindex":0},"north":{"uv":[1.877,10.0645,1.877,10.248],"rotation":0,"texture":"#0","tintindex":0},"west":{"uv":[8.3145,6.752,8.873,6.9355],"rotation":0,"texture":"#0","tintindex":0},"up":{"uv":[1.9395,11.0605,1.9395,10.502],"rotation":0,"texture":"#0","tintindex":0},"down":{"uv":[2.002,10.502,2.002,11.0605],"rotation":0,"texture":"#0","tintindex":0}}},{"from":[9.120895,5.1016874,6.857143],"to":[9.692324,5.6731157,9.142858],"rotation":{"angle":0.0,"axis":"y","origin":[2.8351808,-4.6697416,7.428571]},"faces":{"east":{"uv":[10.1895,6.6895,10.4355,6.748],"rotation":0,"texture":"#0","tintindex":0},"south":{"uv":[9.127,10.4395,9.1855,10.498],"rotation":0,"texture":"#0","tintindex":0},"north":{"uv":[10.4395,9.0645,10.498,9.123],"rotation":0,"texture":"#0","tintindex":0},"west":{"uv":[10.1895,8.1895,10.4355,8.248],"rotation":0,"texture":"#0","tintindex":0},"up":{"uv":[0.8105,10.4355,0.752,10.1895],"rotation":0,"texture":"#0","tintindex":0},"down":{"uv":[3.8105,10.1895,3.752,10.4355],"rotation":0,"texture":"#0","tintindex":0}}},{"from":[9.120895,4.5302587,8.571428],"to":[9.692324,5.1016874,9.142858],"rotation":{"angle":0.0,"axis":"y","origin":[2.8351808,-5.24117,7.428571]},"faces":{"east":{"uv":[8.752,10.4395,8.8105,10.498],"rotation":0,"texture":"#0","tintindex":0},"south":{"uv":[10.4395,8.8145,10.498,8.873],"rotation":0,"texture":"#0","tintindex":0},"north":{"uv":[10.4395,8.6895,10.498,8.748],"rotation":0,"texture":"#0","tintindex":0},"west":{"uv":[8.877,10.4395,8.9355,10.498],"rotation":0,"texture":"#0","tintindex":0},"up":{"uv":[10.498,8.998,10.4395,8.9395],"rotation":0,"texture":"#0","tintindex":0},"down":{"uv":[9.0605,10.4395,9.002,10.498],"rotation":0,"texture":"#0","tintindex":0}}},{"from":[9.120895,3.9588299,6.857143],"to":[9.692324,4.5302587,9.142858],"rotation":{"angle":0.0,"axis":"y","origin":[2.8351808,-5.812599,7.428571]},"faces":{"east":{"uv":[10.1895,4.377,10.4355,4.4355],"rotation":0,"texture":"#0","tintindex":0},"south":{"uv":[8.627,10.4395,8.6855,10.498],"rotation":0,"texture":"#0","tintindex":0},"north":{"uv":[10.4395,8.5645,10.498,8.623],"rotation":0,"texture":"#0","tintindex":0},"west":{"uv":[10.1895,6.3145,10.4355,6.373],"rotation":0,"texture":"#0","tintindex":0},"up":{"uv":[5.998,10.373,5.9395,10.127],"rotation":0,"texture":"#0","tintindex":0},"down":{"uv":[0.0605,10.1895,0.002,10.4355],"rotation":0,"texture":"#0","tintindex":0}}},{"from":[9.120895,4.5302587,6.857143],"to":[9.692324,5.1016874,7.428571],"rotation":{"angle":0.0,"axis":"y","origin":[2.8351808,-5.24117,5.714286]},"faces":{"east":{"uv":[10.4395,7.9395,10.498,7.998],"rotation":0,"texture":"#0","tintindex":0},"south":{"uv":[8.0645,10.4395,8.123,10.498],"rotation":0,"texture":"#0","tintindex":0},"north":{"uv":[7.9395,10.4395,7.998,10.498],"rotation":0,"texture":"#0","tintindex":0},"west":{"uv":[10.4395,8.0645,10.498,8.123],"rotation":0,"texture":"#0","tintindex":0},"up":{"uv":[10.498,8.373,10.4395,8.3145],"rotation":0,"texture":"#0","tintindex":0},"down":{"uv":[10.498,8.4395,10.4395,8.498],"rotation":0,"texture":"#0","tintindex":0}}},{"from":[5.349467,4.473117,5.942857],"to":[9.463753,5.1588306,10.057143],"rotation":{"angle":0.0,"axis":"y","origin":[2.8351808,-1.6983128,7.714286]},"faces":{"east":{"uv":[0.877,9.6895,1.3105,9.748],"rotation":0,"texture":"#0","tintindex":0},"south":{"uv":[1.377,9.6895,1.8105,9.748],"rotation":0,"texture":"#0","tintindex":0},"north":{"uv":[9.5645,9.627,9.998,9.6855],"rotation":0,"texture":"#0","tintindex":0},"west":{"uv":[1.877,9.6895,2.3105,9.748],"rotation":0,"texture":"#0","tintindex":0},"up":{"uv":[3.9355,7.248,3.502,6.8145],"rotation":0,"texture":"#0","tintindex":0},"down":{"uv":[5.748,6.8145,5.3145,7.248],"rotation":0,"texture":"#0","tintindex":0}}},{"from":[5.292324,6.5874023,5.6],"to":[9.520896,8.530259,10.4],"rotation":{"angle":0.0,"axis":"y","origin":[2.8351808,-1.6983128,7.714286]},"faces":{"east":{"uv":[7.3145,6.627,7.873,6.873],"rotation":0,"texture":"#0","tintindex":0},"south":{"uv":[7.752,6.0645,8.248,6.3105],"rotation":0,"texture":"#0","tintindex":0},"north":{"uv":[4.9395,7.752,5.4355,7.998],"rotation":0,"texture":"#0","tintindex":0},"west":{"uv":[6.6895,7.3145,7.248,7.5605],"rotation":0,"texture":"#0","tintindex":0},"up":{"uv":[4.9355,0.5605,4.4395,0.002],"rotation":0,"texture":"#0","tintindex":0},"down":{"uv":[4.9355,1.252,4.4395,1.8105],"rotation":0,"texture":"#0","tintindex":0}}},{"from":[5.578038,2.0731168,6.1714287],"to":[9.235182,5.7302594,9.828571],"rotation":{"angle":0.0,"axis":"y","origin":[2.8351808,-1.6983128,7.714286]},"faces":{"east":{"uv":[2.8145,6.1895,3.248,6.623],"rotation":0,"texture":"#0","tintindex":0},"south":{"uv":[2.002,6.252,2.4355,6.6855],"rotation":0,"texture":"#0","tintindex":0},"north":{"uv":[1.502,6.1895,1.9355,6.623],"rotation":0,"texture":"#0","tintindex":0},"west":{"uv":[3.3145,6.252,3.748,6.6855],"rotation":0,"texture":"#0","tintindex":0},"up":{"uv":[4.998,6.6855,4.5645,6.252],"rotation":0,"texture":"#0","tintindex":0},"down":{"uv":[4.248,6.3145,3.8145,6.748],"rotation":0,"texture":"#0","tintindex":0}}},{"from":[5.1208954,5.701688,5.428571],"to":[9.692324,6.8445454,10.571428],"rotation":{"angle":0.0,"axis":"y","origin":[2.8351808,-1.6983128,7.714286]},"faces":{"east":{"uv":[4.127,8.8145,4.6855,8.9355],"rotation":0,"texture":"#0","tintindex":0},"south":{"uv":[5.3145,2.3145,5.8105,2.4355],"rotation":0,"texture":"#0","tintindex":0},"north":{"uv":[4.502,5.252,4.998,5.373],"rotation":0,"texture":"#0","tintindex":0},"west":{"uv":[5.6895,8.8145,6.248,8.9355],"rotation":0,"texture":"#0","tintindex":0},"up":{"uv":[4.873,3.9355,4.377,3.377],"rotation":0,"texture":"#0","tintindex":0},"down":{"uv":[4.873,4.002,4.377,4.5605],"rotation":0,"texture":"#0","tintindex":0}}},{"from":[5.4066095,1.130259,6.0],"to":[9.40661,2.273116,10.0],"rotation":{"angle":0.0,"axis":"y","origin":[2.8351808,-1.6983128,7.714286]},"faces":{"east":{"uv":[9.0645,4.4395,9.498,4.5605],"rotation":0,"texture":"#0","tintindex":0},"south":{"uv":[0.877,9.127,1.3105,9.248],"rotation":0,"texture":"#0","tintindex":0},"north":{"uv":[5.9395,2.127,6.373,2.248],"rotation":0,"texture":"#0","tintindex":0},"west":{"uv":[1.377,9.127,1.8105,9.248],"rotation":0,"texture":"#0","tintindex":0},"up":{"uv":[6.8105,5.623,6.377,5.1895],"rotation":0,"texture":"#0","tintindex":0},"down":{"uv":[6.8105,5.6895,6.377,6.123],"rotation":0,"texture":"#0","tintindex":0}}}],"display":{"head":{"translation":[0.0,-6.4,0.0],"scale":[4.0,4.0,4.0]}}}