{
  "sources": [
    {
      "type": "directory",
      "source": "custom",
      "prefix": "custom/"
    },
    {
      "source": "entity",
      "prefix": "entity/",
      "type": "directory"
    },
    {
      "resource": "must_have_props:/trophy",
      "sprite": "must_have_props:/trophy",
      "type": "single"
    },
    {
      "type": "single",
      "resource": "modelengine:entity/phoenixec"
    },
    {
      "type": "single",
      "resource": "modelengine:entity/crate6"
    },
    {
      "type": "single",
      "resource": "items:custom/keys/common_key"
    },
    {
      "type": "single",
      "resource": "modelengine:entity/lavadragonreg"
    },
    {
      "type": "single",
      "resource": "modelengine:entity/lavaswordreg"
    },
    {
      "type": "single",
      "resource": "modelengine:entity/toffy_crate_raven"
    },
    {
      "type": "single",
      "resource": "modelengine:entity/sucubus"
    },
    {
      "type": "single",
      "resource": "modelengine:entity/electric2"
    },
    {
      "type": "single",
      "resource": "modelengine:entity/voiddragon"
    },
    {
      "type": "single",
      "resource": "items:custom/keys/epic_key"
    },
    {
      "type": "single",
      "resource": "modelengine:entity/toffy_crate_creature"
    },
    {
      "type": "single",
      "resource": "modelengine:entity/demonchest"
    },
    {
      "type": "single",
      "resource": "_iainternal:icons/icon_left_blue"
    },
    {
      "type": "single",
      "resource": "_iainternal:icons/icon_cancel"
    },
    {
      "type": "single",
      "resource": "items:custom/keys/creature_key"
    },
    {
      "type": "single",
      "resource": "items:custom/keys/legendary_key"
    },
    {
      "type": "single",
      "resource": "magicgestures:custom/menu/empty"
    },
    {
      "type": "single",
      "resource": "items:custom/keys/gesture_key"
    },
    {
      "type": "single",
      "resource": "_iainternal:icons/icon_back_orange"
    },
    {
      "type": "single",
      "resource": "items:custom/coins/comp_radianite"
    },
    {
      "type": "single",
      "resource": "items:custom/gesture/tokens/common_gesture_token"
    },
    {
      "type": "single",
      "resource": "modelengine:entity/crate5"
    },
    {
      "type": "single",
      "resource": "_iainternal:icons/icon_arrow_chest"
    },
    {
      "type": "single",
      "resource": "modelengine:entity/crate4"
    },
    {
      "type": "single",
      "resource": "modelengine:entity/toffy_crate_sweet_tooth"
    },
    {
      "type": "single",
      "resource": "items:custom/keys/raven_key"
    },
    {
      "type": "single",
      "resource": "modelengine:entity/rotatingreg"
    },
    {
      "type": "single",
      "resource": "modelengine:entity/electric"
    },
    {
      "type": "single",
      "resource": "modelengine:entity/demonflying"
    },
    {
      "type": "single",
      "resource": "items:custom/gesture/tokens/legendary_gesture_token"
    },
    {
      "type": "single",
      "resource": "_iainternal:icons/icon_search"
    },
    {
      "type": "single",
      "resource": "_iainternal:icons/icon_next_orange"
    },
    {
      "type": "single",
      "resource": "_iainternal:icons/icon_right_blue"
    },
    {
      "type": "single",
      "resource": "modelengine:entity/bossdemon"
    },
    {
      "type": "single",
      "resource": "modelengine:entity/demonground"
    },
    {
      "type": "single",
      "resource": "items:custom/gesture/tokens/epic_gesture_token"
    },
    {
      "type": "single",
      "resource": "modelengine:entity/lavajaw2reg"
    },
    {
      "type": "single",
      "resource": "modelengine:entity/smolderingshadow"
    },
    {
      "type": "single",
      "resource": "modelengine:entity/lavajawreg"
    },
    {
      "type": "single",
      "resource": "modelengine:entity/dragonskrill"
    },
    {
      "type": "single",
      "resource": "items:custom/coins/radianite"
    },
    {
      "type": "single",
      "resource": "modelengine:entity/lavashieldreg"
    },
    {
      "type": "single",
      "resource": "items:custom/gesture/tokens/rare_gesture_token"
    },
    {
      "type": "single",
      "resource": "items:custom/keys/sweet_tooth_key"
    },
    {
      "type": "single",
      "resource": "modelengine:entity/spiritbodyreg"
    },
    {
      "type": "single",
      "resource": "modelengine:entity/phoenixreg"
    },
    {
      "type": "single",
      "resource": "modelengine:entity/skrilldragonbaby"
    },
    {
      "type": "directory",
      "source": "guardian_set",
      "prefix": "guardian_set/"
    },
    {
      "type": "directory",
      "source": "guardian_set_armor",
      "prefix": "guardian_set_armor/"
    },
    {
      "type": "single",
      "resource": "nightmarket:icons/nightmarket/locked_mythical"
    },
    {
      "type": "single",
      "resource": "nightmarket:icons/nightmarket/check_mark"
    },
    {
      "type": "single",
      "resource": "nightmarket:icons/nightmarket/empty_slot"
    },
    {
      "type": "single",
      "resource": "nightmarket:icons/nightmarket/locked_uncommon"
    },
    {
      "type": "single",
      "resource": "nightmarket:icons/nightmarket/locked_epic"
    },
    {
      "type": "single",
      "resource": "nightmarket:icons/nightmarket/locked_legendary"
    },
    {
      "type": "single",
      "resource": "nightmarket:icons/nightmarket/locked_rare"
    },
    {
      "type": "single",
      "resource": "nightmarket:icons/nightmarket/locked_common"
    },
    {
      "type": "single",
      "resource": "nightmarket:icons/nightmarket/reroll_icon"
    },
    {
        "resource": "lunar_studios:enderkariz/ares_set/ares_greatsword_mob",
        "sprite": "lunar_studios:enderkariz/ares_set/ares_greatsword_mob",
        "type": "single"
    },
    {
        "resource": "minecraft:custom/archdrake1",
        "sprite": "minecraft:custom/archdrake1",
        "type": "single"
    },
    
    {
      "type":"directory",
      "source":"enderkariz",
      "prefix":"enderkariz/"
  }
  ]
}