{
  "credit": "Made with Blockbench",
  "texture_size": [
    32,
    32
  ],
  "textures": {
    "2": "items:custom/keys/raven_key",
    "particle": "items:custom/keys/raven_key"
  },
  "elements": [
    {
      "from": [
        6.5,
        2.54289,
        7.54289
      ],
      "to": [
        9.5,
        5.54289,
        8.54289
      ],
      "rotation": {
        "angle": 0,
        "axis": "x",
        "origin": [
          -0.5,
          2.5,
          -0.95711
        ]
      },
      "faces": {
        "north": {
          "uv": [
            0,
            4,
            1.5,
            5.5
          ],
          "texture": "#2"
        },
        "east": {
          "uv": [
            1,
            6,
            1.5,
            7.5
          ],
          "texture": "#2"
        },
        "south": {
          "uv": [
            2,
            4,
            3.5,
            5.5
          ],
          "texture": "#2"
        },
        "west": {
          "uv": [
            2,
            6,
            2.5,
            7.5
          ],
          "texture": "#2"
        },
        "up": {
          "uv": [
            7.5,
            3,
            6,
            2.5
          ],
          "texture": "#2"
        },
        "down": {
          "uv": [
            7.5,
            3.5,
            6,
            4
          ],
          "texture": "#2"
        }
      }
    },
    {
      "from": [
        9.84099,
        4.34099,
        8.04289
      ],
      "to": [
        14.84099,
        7.34099,
        8.04289
      ],
      "rotation": {
        "angle": 45,
        "axis": "z",
        "origin": [
          11.59099,
          3.09099,
          8.04289
        ]
      },
      "faces": {
        "north": {
          "uv": [
            0,
            0,
            2.5,
            1.5
          ],
          "texture": "#2"
        },
        "east": {
          "uv": [
            6,
            7.5,
            6,
            9
          ],
          "texture": "#2"
        },
        "south": {
          "uv": [
            0,
            2,
            2.5,
            3.5
          ],
          "texture": "#2"
        },
        "west": {
          "uv": [
            6.5,
            7.5,
            6.5,
            9
          ],
          "texture": "#2"
        },
        "up": {
          "uv": [
            9.5,
            2,
            7,
            2
          ],
          "texture": "#2"
        },
        "down": {
          "uv": [
            9.5,
            7.5,
            7,
            7.5
          ],
          "texture": "#2"
        }
      }
    },
    {
      "from": [
        1.15901,
        4.34099,
        8.04289
      ],
      "to": [
        6.15901,
        7.34099,
        8.04289
      ],
      "rotation": {
        "angle": -45,
        "axis": "z",
        "origin": [
          4.40901,
          3.09099,
          8.04289
        ]
      },
      "faces": {
        "north": {
          "uv": [
            3,
            0,
            5.5,
            1.5
          ],
          "texture": "#2"
        },
        "east": {
          "uv": [
            8,
            0,
            8,
            1.5
          ],
          "texture": "#2"
        },
        "south": {
          "uv": [
            3,
            2,
            5.5,
            3.5
          ],
          "texture": "#2"
        },
        "west": {
          "uv": [
            1,
            8,
            1,
            9.5
          ],
          "texture": "#2"
        },
        "up": {
          "uv": [
            10.5,
            2.5,
            8,
            2.5
          ],
          "texture": "#2"
        },
        "down": {
          "uv": [
            10.5,
            3,
            8,
            3
          ],
          "texture": "#2"
        }
      }
    },
    {
      "from": [
        7,
        -1.45711,
        7.54289
      ],
      "to": [
        8,
        2.54289,
        8.54289
      ],
      "rotation": {
        "angle": 0,
        "axis": "x",
        "origin": [
          -0.5,
          2.5,
          -0.95711
        ]
      },
      "faces": {
        "north": {
          "uv": [
            4,
            4,
            4.5,
            6
          ],
          "texture": "#2"
        },
        "east": {
          "uv": [
            5,
            4,
            5.5,
            6
          ],
          "texture": "#2"
        },
        "south": {
          "uv": [
            0,
            6,
            0.5,
            8
          ],
          "texture": "#2"
        },
        "west": {
          "uv": [
            6,
            0,
            6.5,
            2
          ],
          "texture": "#2"
        },
        "up": {
          "uv": [
            3.5,
            6.5,
            3,
            6
          ],
          "texture": "#2"
        },
        "down": {
          "uv": [
            6.5,
            4.5,
            6,
            5
          ],
          "texture": "#2"
        }
      }
    },
    {
      "from": [
        8,
        -0.95711,
        7.54289
      ],
      "to": [
        9,
        0.04289,
        8.54289
      ],
      "rotation": {
        "angle": 0,
        "axis": "x",
        "origin": [
          -0.5,
          2.5,
          -0.95711
        ]
      },
      "faces": {
        "north": {
          "uv": [
            6,
            5.5,
            6.5,
            6
          ],
          "texture": "#2"
        },
        "east": {
          "uv": [
            4,
            6.5,
            4.5,
            7
          ],
          "texture": "#2"
        },
        "south": {
          "uv": [
            5,
            6.5,
            5.5,
            7
          ],
          "texture": "#2"
        },
        "west": {
          "uv": [
            6,
            6.5,
            6.5,
            7
          ],
          "texture": "#2"
        },
        "up": {
          "uv": [
            7.5,
            0.5,
            7,
            0
          ],
          "texture": "#2"
        },
        "down": {
          "uv": [
            7.5,
            1,
            7,
            1.5
          ],
          "texture": "#2"
        }
      }
    },
    {
      "from": [
        7.38744,
        -0.03033,
        7.56789
      ],
      "to": [
        8.38744,
        0.96967,
        8.51789
      ],
      "rotation": {
        "angle": -45,
        "axis": "z",
        "origin": [
          8.23744,
          0.46967,
          8.04289
        ]
      },
      "faces": {
        "north": {
          "uv": [
            3,
            7,
            3.5,
            7.5
          ],
          "texture": "#2"
        },
        "east": {
          "uv": [
            7,
            4.5,
            7.5,
            5
          ],
          "texture": "#2"
        },
        "south": {
          "uv": [
            7,
            5.5,
            7.5,
            6
          ],
          "texture": "#2"
        },
        "west": {
          "uv": [
            7,
            6.5,
            7.5,
            7
          ],
          "texture": "#2"
        },
        "up": {
          "uv": [
            4.5,
            8,
            4,
            7.5
          ],
          "texture": "#2"
        },
        "down": {
          "uv": [
            5.5,
            7.5,
            5,
            8
          ],
          "texture": "#2"
        }
      }
    }
  ],
  "gui_light": "front",
  "display": {
    "thirdperson_righthand": {
      "rotation": [
        180,
        180,
        0
      ],
      "translation": [
        0,
        -3,
        1.5
      ]
    },
    "thirdperson_lefthand": {
      "rotation": [
        180,
        0,
        0
      ],
      "translation": [
        0.25,
        -3,
        1.5
      ]
    },
    "firstperson_righthand": {
      "rotation": [
        90,
        -90,
        0
      ],
      "translation": [
        5.5,
        0.75,
        3.25
      ],
      "scale": [
        1.5,
        1.5,
        1.5
      ]
    },
    "firstperson_lefthand": {
      "rotation": [
        90,
        90,
        0
      ],
      "translation": [
        5.5,
        0.75,
        3.25
      ],
      "scale": [
        1.5,
        1.5,
        1.5
      ]
    },
    "ground": {
      "translation": [
        0,
        5.75,
        0
      ],
      "scale": [
        0.9,
        0.9,
        0.9
      ]
    },
    "gui": {
      "rotation": [
        -25,
        -25,
        -55
      ],
      "translation": [
        5.25,
        4,
        0
      ],
      "scale": [
        1.6,
        1.6,
        1.6
      ]
    },
    "head": {
      "translation": [
        0,
        15.75,
        0
      ]
    },
    "fixed": {
      "translation": [
        0,
        7.25,
        0.5
      ],
      "scale": [
        1.4,
        1.4,
        1.4
      ]
    }
  },
  "groups": [
    {
      "name": "base",
      "origin": [
        0,
        5.11055,
        -0.28906
      ],
      "color": 0,
      "nbt": "{}",
      "children": [
        {
          "name": "top",
          "origin": [
            0,
            13,
            5
          ],
          "color": 0,
          "nbt": "{}",
          "children": [
            {
              "name": "raven",
              "origin": [
                0,
                15,
                -6
              ],
              "color": 0,
              "nbt": "{}",
              "children": [
                {
                  "name": "jaw",
                  "origin": [
                    0,
                    15,
                    -7
                  ],
                  "color": 0,
                  "nbt": "{}",
                  "children": []
                }
              ]
            }
          ]
        }
      ]
    },
    {
      "name": "key",
      "origin": [
        0.24494,
        13.5,
        -19.0842
      ],
      "color": 0,
      "nbt": "{}",
      "children": [
        0,
        1,
        2,
        3,
        4,
        5
      ]
    }
  ]
}