{
  "parent": "minecraft:item/handheld",
  "textures": {
    "layer0": "minecraft:item/netherite_sword"
  },
  "overrides": [
    {
      "predicate": {
        "custom_model_data": 1
      },
      "model": "yungwilder:guardian_set/guardian_sword"
    },
    {
      "predicate": {
        "custom_model_data": 2
      },
      "model": "yungwilder:guardian_set/elder_guardian_sword"
    },
    {
      "predicate": {
        "custom_model_data": 4211
      },
      "model": "lunar_studios:enderkariz/ares_set/ares_greatsword"
    }
  ]
}