{
	"credit": "Made with Blockbench",
	"texture_size": [64, 64],
	"textures": {
		"0": "lunar_studios:enderkariz/ares_set/ares_shield",
		"particle": "lunar_studios:enderkariz/ares_set/ares_shield"
	},
	"elements": [
		{
			"from": [7.5, 10, 5.15],
			"to": [8.5, 18, 7.15],
			"rotation": {"angle": 0, "axis": "y", "origin": [8, 12, 8]},
			"faces": {
				"north": {"uv": [2.375, 1.625, 2.625, 3.625], "texture": "#0"},
				"east": {"uv": [2.375, 1.625, 2.625, 3.625], "texture": "#0"},
				"south": {"uv": [2.375, 1.625, 2.625, 3.625], "texture": "#0"},
				"west": {"uv": [2.375, 1.625, 2.625, 3.625], "texture": "#0"},
				"up": {"uv": [2.375, 1.625, 2.5, 1.75], "texture": "#0"},
				"down": {"uv": [2.375, 1.625, 2.5, 1.75], "texture": "#0"}
			}
		},
		{
			"from": [7.5, 0, 5.25],
			"to": [8.5, 6, 7.25],
			"rotation": {"angle": 0, "axis": "y", "origin": [1, 6, 8.1]},
			"faces": {
				"north": {"uv": [2.375, 3.125, 2.625, 1.625], "texture": "#0"},
				"east": {"uv": [2.375, 3.125, 2.625, 1.625], "texture": "#0"},
				"south": {"uv": [2.375, 3.125, 2.625, 1.625], "texture": "#0"},
				"west": {"uv": [2.375, 3.125, 2.625, 1.625], "texture": "#0"},
				"up": {"uv": [2.375, 3.125, 2.5, 3], "texture": "#0"},
				"down": {"uv": [2.375, 1.75, 2.5, 1.625], "texture": "#0"}
			}
		},
		{
			"from": [7.5, 4, 7.65],
			"to": [8.5, 18, 8.65],
			"rotation": {"angle": -45, "axis": "y", "origin": [8, 11, 8.15]},
			"faces": {
				"north": {"uv": [0, 6.75, 0.25, 10.25], "texture": "#0"},
				"east": {"uv": [0, 6.75, 0.25, 10.25], "texture": "#0"},
				"south": {"uv": [0, 6.75, 0.25, 10.25], "texture": "#0"},
				"west": {"uv": [0, 6.75, 0.25, 10.25], "texture": "#0"},
				"up": {"uv": [0, 6.75, 0.1625, 6.875], "texture": "#0"},
				"down": {"uv": [0, 6.75, 0.125, 6.875], "texture": "#0"}
			}
		},
		{
			"from": [10.75, 8, 9],
			"to": [11.25, 12, 13],
			"rotation": {"angle": 0, "axis": "y", "origin": [8, 12, 8]},
			"faces": {
				"north": {"uv": [0.375, 6.5, 0.5, 7.5], "texture": "#0"},
				"east": {"uv": [0.375, 6.5, 1.375, 7.5], "texture": "#0"},
				"south": {"uv": [0.375, 6.5, 0.5, 7.5], "texture": "#0"},
				"west": {"uv": [0.375, 6.5, 1.375, 7.5], "texture": "#0"},
				"up": {"uv": [0.375, 6.625, 1.375, 6.5], "rotation": 90, "texture": "#0"},
				"down": {"uv": [1.375, 7.375, 0.375, 7.5], "texture": "#0"}
			}
		},
		{
			"from": [10.5, 7.5, 8],
			"to": [11.5, 12.5, 9],
			"rotation": {"angle": 45, "axis": "y", "origin": [11, 10, 8.5]},
			"faces": {
				"north": {"uv": [1.5, 6.5, 1.75, 7.75], "texture": "#0"},
				"east": {"uv": [1.75, 6.5, 1.5, 7.75], "texture": "#0"},
				"south": {"uv": [1.5, 6.5, 1.75, 7.75], "texture": "#0"},
				"west": {"uv": [1.75, 6.5, 1.5, 7.75], "texture": "#0"},
				"up": {"uv": [1.625, 6.5, 1.5, 6.625], "texture": "#0"},
				"down": {"uv": [1.625, 7.625, 1.5, 7.75], "texture": "#0"}
			}
		},
		{
			"from": [4.75, 8, 9],
			"to": [5.25, 12, 13],
			"rotation": {"angle": 0, "axis": "y", "origin": [8, 12, 8]},
			"faces": {
				"north": {"uv": [0.5, 6.5, 0.375, 7.5], "texture": "#0"},
				"east": {"uv": [1.375, 6.5, 0.375, 7.5], "texture": "#0"},
				"south": {"uv": [0.5, 6.5, 0.375, 7.5], "texture": "#0"},
				"west": {"uv": [1.375, 6.5, 0.375, 7.5], "texture": "#0"},
				"up": {"uv": [0.375, 6.5, 1.375, 6.625], "rotation": 90, "texture": "#0"},
				"down": {"uv": [0.375, 7.375, 1.375, 7.5], "texture": "#0"}
			}
		},
		{
			"from": [4.5, 7.5, 8],
			"to": [5.5, 12.5, 9],
			"rotation": {"angle": -45, "axis": "y", "origin": [5, 10, 8.5]},
			"faces": {
				"north": {"uv": [1.75, 6.5, 1.5, 7.75], "texture": "#0"},
				"east": {"uv": [1.5, 6.5, 1.75, 7.75], "texture": "#0"},
				"south": {"uv": [1.75, 6.5, 1.5, 7.75], "texture": "#0"},
				"west": {"uv": [1.5, 6.5, 1.75, 7.75], "texture": "#0"},
				"up": {"uv": [1.5, 6.5, 1.625, 6.625], "texture": "#0"},
				"down": {"uv": [1.5, 7.625, 1.625, 7.75], "texture": "#0"}
			}
		},
		{
			"from": [4, 14, 6],
			"to": [10, 17, 8],
			"rotation": {"angle": 45, "axis": "z", "origin": [8, 12, 8]},
			"faces": {
				"north": {"uv": [2.25, 3.875, 1.5, 2.375], "rotation": 90, "texture": "#0"},
				"east": {"uv": [2.25, 2.5, 1.5, 2.375], "rotation": 90, "texture": "#0"},
				"south": {"uv": [2.25, 2.375, 1.5, 3.875], "rotation": 90, "texture": "#0"},
				"west": {"uv": [2.25, 3.875, 1.5, 3.75], "rotation": 90, "texture": "#0"},
				"up": {"uv": [2.25, 2.375, 2.125, 3.875], "rotation": 90, "texture": "#0"},
				"down": {"uv": [1.625, 2.375, 1.5, 3.875], "rotation": 90, "texture": "#0"}
			}
		},
		{
			"from": [0, 2, 6.5],
			"to": [4, 4, 7.5],
			"rotation": {"angle": 45, "axis": "z", "origin": [8, 12, 8]},
			"faces": {
				"north": {"uv": [1.875, 5.875, 0.875, 6.375], "texture": "#0"},
				"east": {"uv": [1.75, 5.875, 1.875, 6.375], "texture": "#0"},
				"south": {"uv": [0.875, 5.875, 1.875, 6.375], "texture": "#0"},
				"west": {"uv": [0.875, 5.875, 1, 6.375], "texture": "#0"},
				"up": {"uv": [0.875, 5.875, 1.875, 6], "texture": "#0"},
				"down": {"uv": [0.875, 6.25, 1.875, 6.375], "texture": "#0"}
			}
		},
		{
			"from": [-2, 4, 6.5],
			"to": [4, 8, 7.5],
			"rotation": {"angle": 45, "axis": "z", "origin": [8, 12, 8]},
			"faces": {
				"north": {"uv": [1.875, 4.875, 0.375, 5.875], "texture": "#0"},
				"east": {"uv": [1.75, 4.875, 1.875, 5.875], "texture": "#0"},
				"south": {"uv": [0.375, 4.875, 1.875, 5.875], "texture": "#0"},
				"west": {"uv": [0.375, 4.875, 0.5, 5.875], "texture": "#0"},
				"up": {"uv": [0.375, 4.875, 1.875, 5], "texture": "#0"},
				"down": {"uv": [0.375, 5.75, 1.875, 5.875], "texture": "#0"}
			}
		},
		{
			"from": [4, 8, 6],
			"to": [13, 14, 8],
			"rotation": {"angle": 45, "axis": "z", "origin": [8, 12, 8]},
			"faces": {
				"north": {"uv": [1.5, 3.875, 0, 1.625], "rotation": 90, "texture": "#0"},
				"east": {"uv": [1.5, 1.75, 0, 1.625], "rotation": 90, "texture": "#0"},
				"south": {"uv": [1.5, 1.625, 0, 3.875], "rotation": 90, "texture": "#0"},
				"west": {"uv": [1.5, 3.875, 0, 3.75], "rotation": 90, "texture": "#0"},
				"up": {"uv": [1.5, 1.625, 1.375, 3.875], "rotation": 90, "texture": "#0"},
				"down": {"uv": [0.125, 1.625, 0, 3.875], "rotation": 90, "texture": "#0"}
			}
		},
		{
			"from": [5, 15, 5.5],
			"to": [6, 21, 8.5],
			"rotation": {"angle": -45, "axis": "z", "origin": [8, 12, 8]},
			"faces": {
				"north": {"uv": [0, 0, 0.25, 1.5], "texture": "#0"},
				"east": {"uv": [3.5, 2, 2.75, 3.5], "texture": "#0"},
				"south": {"uv": [0.25, 0, 0, 1.5], "texture": "#0"},
				"west": {"uv": [4.375, 2, 3.625, 3.5], "texture": "#0"},
				"up": {"uv": [0.25, 0, 0, 0.125], "texture": "#0"},
				"down": {"uv": [0.25, 1.375, 0, 1.5], "texture": "#0"}
			}
		},
		{
			"from": [10, 15, 5.5],
			"to": [11, 21, 8.5],
			"rotation": {"angle": 45, "axis": "z", "origin": [8, 12, 8]},
			"faces": {
				"north": {"uv": [0.25, 0, 0, 1.5], "texture": "#0"},
				"east": {"uv": [3.625, 2, 4.375, 3.5], "texture": "#0"},
				"south": {"uv": [0, 0, 0.25, 1.5], "texture": "#0"},
				"west": {"uv": [2.75, 2, 3.5, 3.5], "texture": "#0"},
				"up": {"uv": [0, 0, 0.25, 0.125], "texture": "#0"},
				"down": {"uv": [0, 1.375, 0.25, 1.5], "texture": "#0"}
			}
		},
		{
			"from": [13, 13, 6.5],
			"to": [16, 14, 7.5],
			"rotation": {"angle": 45, "axis": "z", "origin": [8, 12, 8]},
			"faces": {
				"north": {"uv": [4.375, 0.75, 4.125, 0], "rotation": 90, "texture": "#0"},
				"east": {"uv": [4.375, 0.125, 4.125, 0], "rotation": 90, "texture": "#0"},
				"south": {"uv": [4.375, 0, 4.125, 0.75], "rotation": 90, "texture": "#0"},
				"west": {"uv": [4.375, 0.75, 4.125, 0], "rotation": 90, "texture": "#0"},
				"up": {"uv": [4.375, 0.75, 4.125, 0], "rotation": 90, "texture": "#0"},
				"down": {"uv": [4.25, 0, 4.125, 0.75], "rotation": 90, "texture": "#0"}
			}
		},
		{
			"from": [10.74264, 16.07107, 7],
			"to": [13.74264, 19.07107, 7],
			"rotation": {"angle": 0, "axis": "y", "origin": [14.24264, 16.57107, 6.5]},
			"faces": {
				"north": {"uv": [5.25, 0, 4.5, 0.75], "texture": "#0"},
				"east": {"uv": [0, 0, 3, 0], "rotation": 270, "texture": "#missing"},
				"south": {"uv": [4.5, 0, 5.25, 0.75], "texture": "#0"},
				"west": {"uv": [0, 0, 3, 0], "rotation": 270, "texture": "#missing"},
				"up": {"uv": [0, 0, 0, 3], "rotation": 270, "texture": "#missing"},
				"down": {"uv": [0, 0, 0, 3], "rotation": 270, "texture": "#missing"}
			}
		},
		{
			"from": [0, 13, 6.5],
			"to": [3, 14, 7.5],
			"rotation": {"angle": -45, "axis": "z", "origin": [8, 12, 8]},
			"faces": {
				"north": {"uv": [4.375, 0, 4.125, 0.75], "rotation": 90, "texture": "#0"},
				"east": {"uv": [4.375, 0, 4.125, 0.75], "rotation": 90, "texture": "#0"},
				"south": {"uv": [4.375, 0.75, 4.125, 0], "rotation": 90, "texture": "#0"},
				"west": {"uv": [4.375, 0, 4.125, 0.125], "rotation": 90, "texture": "#0"},
				"up": {"uv": [4.375, 0, 4.125, 0.75], "rotation": 90, "texture": "#0"},
				"down": {"uv": [4.25, 0.75, 4.125, 0], "rotation": 90, "texture": "#0"}
			}
		},
		{
			"from": [2.29289, 5.87868, 5.5],
			"to": [5.29289, 6.87868, 6.5],
			"rotation": {"angle": 45, "axis": "z", "origin": [10.29289, 7.87868, 7]},
			"faces": {
				"north": {"uv": [4.125, 0, 4.375, 0.75], "rotation": 90, "texture": "#0"},
				"east": {"uv": [4.125, 0, 4.375, 0.75], "rotation": 90, "texture": "#0"},
				"south": {"uv": [4.125, 0.75, 4.375, 0], "rotation": 90, "texture": "#0"},
				"west": {"uv": [4.125, 0, 4.375, 0.125], "rotation": 90, "texture": "#0"},
				"up": {"uv": [4.125, 0.75, 4.25, 0], "rotation": 90, "texture": "#0"},
				"down": {"uv": [4.125, 0, 4.375, 0.75], "rotation": 90, "texture": "#0"}
			}
		},
		{
			"from": [2.25736, 16.07107, 7],
			"to": [5.25736, 19.07107, 7],
			"rotation": {"angle": 0, "axis": "y", "origin": [5.75736, 16.57107, 7]},
			"faces": {
				"north": {"uv": [4.5, 0, 5.25, 0.75], "texture": "#0"},
				"east": {"uv": [0, 0, 3, 0], "rotation": 270, "texture": "#missing"},
				"south": {"uv": [5.25, 0, 4.5, 0.75], "texture": "#0"},
				"west": {"uv": [0, 0, 3, 0], "rotation": 270, "texture": "#missing"},
				"up": {"uv": [0, 3, 0, 0], "rotation": 270, "texture": "#missing"},
				"down": {"uv": [0, 3, 0, 0], "rotation": 270, "texture": "#missing"}
			}
		},
		{
			"from": [4.05025, 0.80761, 6],
			"to": [6.05025, 3.80761, 6],
			"rotation": {"angle": 0, "axis": "y", "origin": [7.05025, 19.30761, 6]},
			"faces": {
				"north": {"uv": [4.75, 0, 5.25, 0.75], "texture": "#0"},
				"east": {"uv": [0, 0, 3, 0], "rotation": 270, "texture": "#missing"},
				"south": {"uv": [5.25, 0, 4.5, 0.75], "texture": "#0"},
				"west": {"uv": [0, 0, 3, 0], "rotation": 270, "texture": "#missing"},
				"up": {"uv": [0, 3, 0, 0], "rotation": 270, "texture": "#missing"},
				"down": {"uv": [0, 3, 0, 0], "rotation": 270, "texture": "#missing"}
			}
		},
		{
			"from": [9.94975, 0.80761, 6],
			"to": [11.94975, 3.80761, 6],
			"rotation": {"angle": 0, "axis": "y", "origin": [8.94975, 19.30761, 6]},
			"faces": {
				"north": {"uv": [5.25, 0, 4.75, 0.75], "texture": "#0"},
				"east": {"uv": [0, 0, 3, 0], "rotation": 270, "texture": "#missing"},
				"south": {"uv": [4.5, 0, 5.25, 0.75], "texture": "#0"},
				"west": {"uv": [0, 0, 3, 0], "rotation": 270, "texture": "#missing"},
				"up": {"uv": [0, 0, 0, 3], "rotation": 270, "texture": "#missing"},
				"down": {"uv": [0, 0, 0, 3], "rotation": 270, "texture": "#missing"}
			}
		},
		{
			"from": [10.70711, 5.87868, 5.5],
			"to": [13.70711, 6.87868, 6.5],
			"rotation": {"angle": -45, "axis": "z", "origin": [5.70711, 7.87868, 7]},
			"faces": {
				"north": {"uv": [4.125, 0.75, 4.375, 0], "rotation": 90, "texture": "#0"},
				"east": {"uv": [4.125, 0.125, 4.375, 0], "rotation": 90, "texture": "#0"},
				"south": {"uv": [4.125, 0, 4.375, 0.75], "rotation": 90, "texture": "#0"},
				"west": {"uv": [4.125, 0.75, 4.375, 0], "rotation": 90, "texture": "#0"},
				"up": {"uv": [4.125, 0, 4.25, 0.75], "rotation": 90, "texture": "#0"},
				"down": {"uv": [4.125, 0.75, 4.375, 0], "rotation": 90, "texture": "#0"}
			}
		},
		{
			"from": [7, 15, 4.75],
			"to": [9, 16, 7.75],
			"rotation": {"angle": 0, "axis": "y", "origin": [8, 12, 8]},
			"faces": {
				"north": {"uv": [3.75, 0, 3.25, 0.25], "texture": "#0"},
				"east": {"uv": [3.25, 0.375, 4, 0.625], "texture": "#0"},
				"south": {"uv": [3.75, 0, 3.25, 0.25], "texture": "#0"},
				"west": {"uv": [4, 0.375, 3.25, 0.625], "texture": "#0"},
				"up": {"uv": [4, 1.25, 3.25, 0.75], "rotation": 90, "texture": "#0"},
				"down": {"uv": [3.25, 1.875, 4, 1.375], "rotation": 90, "texture": "#0"}
			}
		},
		{
			"from": [7, 1, 4.75],
			"to": [9, 2, 6.75],
			"rotation": {"angle": 0, "axis": "y", "origin": [8, 12, 8]},
			"faces": {
				"north": {"uv": [3.75, 0, 3.25, 0.25], "texture": "#0"},
				"east": {"uv": [3.75, 0, 3.25, 0.25], "texture": "#0"},
				"south": {"uv": [3.75, 0, 3.25, 0.25], "texture": "#0"},
				"west": {"uv": [3.75, 0, 3.25, 0.25], "texture": "#0"},
				"up": {"uv": [7.25, 0, 6.75, 0.5], "texture": "#0"},
				"down": {"uv": [7.875, 0, 7.375, 0.5], "texture": "#0"}
			}
		},
		{
			"from": [5, 5, 6],
			"to": [11, 8, 8],
			"rotation": {"angle": 45, "axis": "z", "origin": [8, 12, 7.5]},
			"faces": {
				"north": {"uv": [0, 4, 1.5, 4.75], "texture": "#0"},
				"east": {"uv": [0, 4, 0.125, 4.75], "texture": "#0"},
				"south": {"uv": [1.5, 4, 0, 4.75], "texture": "#0"},
				"west": {"uv": [1.375, 4, 1.5, 4.75], "texture": "#0"},
				"up": {"uv": [1.5, 4, 0, 4.125], "texture": "#0"},
				"down": {"uv": [1.5, 4.625, 0, 4.75], "texture": "#0"}
			}
		},
		{
			"from": [5, 5, 6],
			"to": [11, 8, 8],
			"rotation": {"angle": -45, "axis": "z", "origin": [8, 12, 7.5]},
			"faces": {
				"north": {"uv": [1.5, 4, 0, 4.75], "texture": "#0"},
				"east": {"uv": [1.5, 4, 1.375, 4.75], "texture": "#0"},
				"south": {"uv": [0, 4, 1.5, 4.75], "texture": "#0"},
				"west": {"uv": [0.125, 4, 0, 4.75], "texture": "#0"},
				"up": {"uv": [0, 4, 1.5, 4.125], "texture": "#0"},
				"down": {"uv": [0, 4.625, 1.5, 4.75], "texture": "#0"}
			}
		},
		{
			"from": [2, 6, 6.5],
			"to": [6, 10, 7.5],
			"rotation": {"angle": -45, "axis": "z", "origin": [8, 12, 7.5]},
			"faces": {
				"north": {"uv": [0.375, 0, 1.375, 1], "rotation": 90, "texture": "#0"},
				"east": {"uv": [0.375, 0.875, 1.375, 1], "rotation": 90, "texture": "#0"},
				"south": {"uv": [0.375, 1, 1.375, 0], "rotation": 90, "texture": "#0"},
				"west": {"uv": [0.375, 0, 1.375, 0.125], "rotation": 90, "texture": "#0"},
				"up": {"uv": [0.375, 1, 0.5, 0], "rotation": 90, "texture": "#0"},
				"down": {"uv": [1.25, 1, 1.375, 0], "rotation": 90, "texture": "#0"}
			}
		},
		{
			"from": [-3.07107, 10, 7],
			"to": [2.92893, 16, 7],
			"rotation": {"angle": 45, "axis": "z", "origin": [0.92893, 12, 7]},
			"faces": {
				"north": {"uv": [1.625, 0, 3.125, 1.5], "texture": "#0"},
				"east": {"uv": [0, 0, 0, 6], "texture": "#missing"},
				"south": {"uv": [3.125, 0, 1.625, 1.5], "texture": "#0"},
				"west": {"uv": [0, 0, 0, 6], "texture": "#missing"},
				"up": {"uv": [6, 0, 12, 0], "texture": "#missing"},
				"down": {"uv": [6, 0, 12, 0], "texture": "#missing"}
			}
		},
		{
			"from": [10, 6, 6.5],
			"to": [14, 10, 7.5],
			"rotation": {"angle": 45, "axis": "z", "origin": [8, 12, 7.5]},
			"faces": {
				"north": {"uv": [0.375, 1, 1.375, 0], "rotation": 90, "texture": "#0"},
				"east": {"uv": [0.375, 0.125, 1.375, 0], "rotation": 90, "texture": "#0"},
				"south": {"uv": [0.375, 0, 1.375, 1], "rotation": 90, "texture": "#0"},
				"west": {"uv": [0.375, 1, 1.375, 0.875], "rotation": 90, "texture": "#0"},
				"up": {"uv": [0.375, 0, 0.5, 1], "rotation": 90, "texture": "#0"},
				"down": {"uv": [1.25, 0, 1.375, 1], "rotation": 90, "texture": "#0"}
			}
		},
		{
			"from": [13.07107, 10, 7],
			"to": [19.07107, 16, 7],
			"rotation": {"angle": -45, "axis": "z", "origin": [15.07107, 12, 7]},
			"faces": {
				"north": {"uv": [3.125, 0, 1.625, 1.5], "texture": "#0"},
				"east": {"uv": [0, 0, 0, 6], "texture": "#missing"},
				"south": {"uv": [1.625, 0, 3.125, 1.5], "texture": "#0"},
				"west": {"uv": [0, 0, 0, 6], "texture": "#missing"},
				"up": {"uv": [12, 0, 6, 0], "texture": "#missing"},
				"down": {"uv": [12, 0, 6, 0], "texture": "#missing"}
			}
		},
		{
			"from": [4, 1, 5.5],
			"to": [5, 8, 8.5],
			"rotation": {"angle": 45, "axis": "z", "origin": [8, 12, 7.5]},
			"faces": {
				"north": {"uv": [0.25, 6.625, 0, 4.875], "texture": "#0"},
				"east": {"uv": [0.25, 6.625, 0.125, 4.875], "texture": "#0"},
				"south": {"uv": [0, 6.625, 0.25, 4.875], "texture": "#0"},
				"west": {"uv": [0.125, 6.625, 0, 4.875], "texture": "#0"},
				"up": {"uv": [0, 6.625, 0.25, 6.5], "texture": "#0"},
				"down": {"uv": [0.25, 5, 0, 4.875], "texture": "#0"}
			}
		},
		{
			"from": [11, 1, 5.5],
			"to": [12, 8, 8.5],
			"rotation": {"angle": -45, "axis": "z", "origin": [8, 12, 7.5]},
			"faces": {
				"north": {"uv": [0, 6.625, 0.25, 4.875], "texture": "#0"},
				"east": {"uv": [0, 6.625, 0.125, 4.875], "texture": "#0"},
				"south": {"uv": [0.25, 6.625, 0, 4.875], "texture": "#0"},
				"west": {"uv": [0.125, 6.625, 0.25, 4.875], "texture": "#0"},
				"up": {"uv": [0.25, 6.625, 0, 6.5], "texture": "#0"},
				"down": {"uv": [0, 5, 0.25, 4.875], "texture": "#0"}
			}
		},
		{
			"from": [4, 7.5, 4.5],
			"to": [5, 11.5, 6],
			"rotation": {"angle": 45, "axis": "z", "origin": [8, 10.5, 8]},
			"faces": {
				"north": {"uv": [6.375, 0, 6.625, 1], "texture": "#0"},
				"east": {"uv": [6.375, 0, 6.5, 1], "texture": "#0"},
				"south": {"uv": [6.625, 0, 6.375, 1], "texture": "#0"},
				"west": {"uv": [6.5, 0, 6.625, 1], "texture": "#0"},
				"up": {"uv": [6.375, 0, 6.625, 0.125], "texture": "#0"},
				"down": {"uv": [6.625, 0.875, 6.375, 1], "texture": "#0"}
			}
		},
		{
			"from": [7, 7.5, 4.5],
			"to": [8, 9.5, 6],
			"rotation": {"angle": 45, "axis": "z", "origin": [8, 10.5, 8]},
			"faces": {
				"north": {"uv": [5.625, 0.5, 5.875, 1], "texture": "#0"},
				"east": {"uv": [5.625, 0.5, 5.75, 1], "texture": "#0"},
				"south": {"uv": [5.875, 0.5, 5.625, 1], "texture": "#0"},
				"west": {"uv": [5.75, 0.5, 5.875, 1], "texture": "#0"},
				"up": {"uv": [5.875, 0.5, 5.625, 0.625], "texture": "#0"},
				"down": {"uv": [5.875, 0.875, 5.625, 1], "texture": "#0"}
			}
		},
		{
			"from": [5, 9.5, 4.5],
			"to": [8, 10.5, 6],
			"rotation": {"angle": 45, "axis": "z", "origin": [8, 10.5, 8]},
			"faces": {
				"north": {"uv": [5.625, 0.25, 6.375, 0.5], "texture": "#0"},
				"east": {"uv": [5.625, 0.25, 5.75, 0.5], "texture": "#0"},
				"south": {"uv": [6.375, 0.25, 5.625, 0.5], "texture": "#0"},
				"west": {"uv": [6.25, 0.25, 6.375, 0.5], "texture": "#0"},
				"up": {"uv": [6.375, 0.25, 5.625, 0.375], "texture": "#0"},
				"down": {"uv": [6.375, 0.375, 5.625, 0.5], "texture": "#0"}
			}
		},
		{
			"from": [4, 6.5, 4.5],
			"to": [9, 7.5, 6],
			"rotation": {"angle": 45, "axis": "z", "origin": [8, 10.5, 8]},
			"faces": {
				"north": {"uv": [5.375, 1, 6.625, 1.25], "texture": "#0"},
				"east": {"uv": [5.375, 1, 5.5, 1.25], "texture": "#0"},
				"south": {"uv": [6.625, 1, 5.375, 1.25], "texture": "#0"},
				"west": {"uv": [6.5, 1, 6.625, 1.25], "texture": "#0"},
				"up": {"uv": [6.625, 1, 5.375, 1.125], "texture": "#0"},
				"down": {"uv": [6.625, 1.125, 5.375, 1.25], "texture": "#0"}
			}
		},
		{
			"from": [4, 6.5, 5],
			"to": [10, 12.5, 5],
			"rotation": {"angle": 45, "axis": "z", "origin": [8, 10.5, 8]},
			"faces": {
				"north": {"uv": [4.5, 1.375, 6, 2.875], "texture": "#0"},
				"east": {"uv": [0, 0, 0, 1.5], "texture": "#missing"},
				"south": {"uv": [6, 1.375, 4.5, 2.875], "texture": "#0"},
				"west": {"uv": [0, 0, 0, 1.5], "texture": "#missing"},
				"up": {"uv": [0, 0, 1.5, 0], "texture": "#missing"},
				"down": {"uv": [0, 0, 1.5, 0], "texture": "#missing"}
			}
		},
		{
			"from": [2.5, 5, 5],
			"to": [6.5, 9, 5],
			"rotation": {"angle": 45, "axis": "z", "origin": [8, 10.5, 8]},
			"faces": {
				"north": {"uv": [2.5, 3.75, 3.5, 4.75], "rotation": 270, "texture": "#0"},
				"east": {"uv": [0, 0, 0, 1], "texture": "#missing"},
				"south": {"uv": [2.5, 4.75, 3.5, 3.75], "rotation": 270, "texture": "#0"},
				"west": {"uv": [0, 0, 0, 1], "texture": "#missing"},
				"up": {"uv": [0, 0, 1, 0], "texture": "#missing"},
				"down": {"uv": [0, 0, 1, 0], "texture": "#missing"}
			}
		},
		{
			"from": [7, -4, 6],
			"to": [8.5, -2.5, 6.5],
			"rotation": {"angle": -45, "axis": "z", "origin": [8, -3.5, 6.25]},
			"faces": {
				"north": {"uv": [7.125, 2.125, 6.75, 1.75], "rotation": 270, "texture": "#0"},
				"east": {"uv": [7.125, 2.125, 7, 2], "rotation": 270, "texture": "#0"},
				"south": {"uv": [7.125, 2.125, 6.75, 1.75], "rotation": 180, "texture": "#0"},
				"west": {"uv": [7.125, 1.875, 6.75, 1.75], "rotation": 270, "texture": "#0"},
				"up": {"uv": [6.875, 1.75, 6.75, 2.125], "rotation": 270, "texture": "#0"},
				"down": {"uv": [7.125, 2.125, 7, 2], "rotation": 270, "texture": "#0"}
			}
		},
		{
			"from": [8, 19.08579, 7],
			"to": [10, 21.08579, 7],
			"rotation": {"angle": 45, "axis": "z", "origin": [8, 19.08579, 6.75]},
			"faces": {
				"north": {"uv": [7.25, 2.25, 6.75, 1.75], "texture": "#0"},
				"east": {"uv": [0, 2.125, 0, 2.75], "texture": "#missing"},
				"south": {"uv": [6.75, 2.25, 7.25, 1.75], "texture": "#0"},
				"west": {"uv": [0, 2.125, 0, 2.75], "texture": "#missing"},
				"up": {"uv": [0.5, 0, 0.5, 0.625], "rotation": 270, "texture": "#missing"},
				"down": {"uv": [0.5, 0, 0.5, 0.625], "rotation": 90, "texture": "#missing"}
			}
		},
		{
			"from": [7, -3, 5.75],
			"to": [9, 1, 6.75],
			"rotation": {"angle": 0, "axis": "y", "origin": [8, -2.5, 6.25]},
			"faces": {
				"north": {"uv": [7.25, 1.625, 6.75, 0.625], "texture": "#0"},
				"east": {"uv": [6.875, 1.625, 6.75, 0.625], "texture": "#0"},
				"south": {"uv": [7.25, 1.625, 6.75, 0.625], "texture": "#0"},
				"west": {"uv": [7.25, 1.625, 7.125, 0.625], "texture": "#0"},
				"up": {"uv": [7.25, 1.625, 6.75, 1.5], "texture": "#0"},
				"down": {"uv": [7.25, 0.75, 6.75, 0.625], "texture": "#0"}
			}
		},
		{
			"from": [7, 16, 6.45],
			"to": [9, 20, 7.45],
			"rotation": {"angle": 0, "axis": "y", "origin": [8, 19.5, 6.95]},
			"faces": {
				"north": {"uv": [7.25, 0.625, 6.75, 1.625], "texture": "#0"},
				"east": {"uv": [6.875, 0.625, 6.75, 1.625], "texture": "#0"},
				"south": {"uv": [7.25, 0.625, 6.75, 1.625], "texture": "#0"},
				"west": {"uv": [7.25, 0.625, 7.125, 1.625], "texture": "#0"},
				"up": {"uv": [7.25, 0.625, 6.75, 0.75], "texture": "#0"},
				"down": {"uv": [7.25, 1.5, 6.75, 1.625], "texture": "#0"}
			}
		},
		{
			"from": [7, 19.5, 6.7],
			"to": [8.5, 21, 7.2],
			"rotation": {"angle": 45, "axis": "z", "origin": [8, 20.5, 6.95]},
			"faces": {
				"north": {"uv": [6.75, 2.125, 7.125, 1.75], "rotation": 270, "texture": "#0"},
				"east": {"uv": [7, 2.125, 7.125, 2], "rotation": 270, "texture": "#0"},
				"south": {"uv": [7.125, 1.75, 6.75, 2.125], "rotation": 180, "texture": "#0"},
				"west": {"uv": [6.75, 1.875, 7.125, 1.75], "rotation": 270, "texture": "#0"},
				"up": {"uv": [7, 2.125, 7.125, 2], "rotation": 270, "texture": "#0"},
				"down": {"uv": [6.75, 1.75, 6.875, 2.125], "rotation": 270, "texture": "#0"}
			}
		},
		{
			"from": [11.64975, 4.03604, 7],
			"to": [14.64975, 7.03604, 7],
			"rotation": {"angle": 0, "axis": "y", "origin": [12.94975, 5.63604, 7]},
			"faces": {
				"north": {"uv": [1.625, 4, 2.375, 4.75], "rotation": 90, "texture": "#0"},
				"east": {"uv": [1, 0, 1, 0.75], "texture": "#missing"},
				"south": {"uv": [1.625, 4.75, 2.375, 4], "rotation": 90, "texture": "#0"},
				"west": {"uv": [1, 0, 1, 0.75], "texture": "#missing"},
				"up": {"uv": [6.75, 0, 6, 0], "texture": "#missing"},
				"down": {"uv": [6.75, 0, 6, 0], "texture": "#missing"}
			}
		},
		{
			"from": [13.64975, 7.03604, 6.75],
			"to": [15.64975, 9.03604, 7.25],
			"rotation": {"angle": 0, "axis": "y", "origin": [12.94975, 5.63604, 7]},
			"faces": {
				"north": {"uv": [1.625, 4, 2.125, 4.5], "rotation": 90, "texture": "#0"},
				"east": {"uv": [1.625, 4.375, 2.125, 4.5], "rotation": 90, "texture": "#0"},
				"south": {"uv": [1.625, 4.5, 2.125, 4], "rotation": 90, "texture": "#0"},
				"west": {"uv": [1.625, 4, 2.125, 4.125], "rotation": 90, "texture": "#0"},
				"up": {"uv": [1.625, 4.5, 1.75, 4], "rotation": 90, "texture": "#0"},
				"down": {"uv": [2, 4.5, 2.125, 4], "rotation": 90, "texture": "#0"}
			}
		},
		{
			"from": [11.64975, 5.03604, 6.75],
			"to": [13.64975, 7.03604, 7.25],
			"rotation": {"angle": 0, "axis": "y", "origin": [10.94975, 3.63604, 7]},
			"faces": {
				"north": {"uv": [1.625, 4, 2.125, 4.5], "rotation": 90, "texture": "#0"},
				"east": {"uv": [1.625, 4.375, 2.125, 4.5], "rotation": 90, "texture": "#0"},
				"south": {"uv": [1.625, 4.5, 2.125, 4], "rotation": 90, "texture": "#0"},
				"west": {"uv": [1.625, 4, 2.125, 4.125], "rotation": 90, "texture": "#0"},
				"up": {"uv": [1.625, 4.5, 1.75, 4], "rotation": 90, "texture": "#0"},
				"down": {"uv": [2, 4.5, 2.125, 4], "rotation": 90, "texture": "#0"}
			}
		},
		{
			"from": [13.64975, 7.53604, 6.5],
			"to": [15.14975, 9.03604, 7.5],
			"rotation": {"angle": 0, "axis": "y", "origin": [12.94975, 5.63604, 7]},
			"faces": {
				"north": {"uv": [1.625, 4, 2, 4.375], "rotation": 90, "texture": "#0"},
				"east": {"uv": [1.625, 4.25, 2, 4.375], "rotation": 90, "texture": "#0"},
				"south": {"uv": [1.625, 4, 2, 4.375], "rotation": 90, "texture": "#0"},
				"west": {"uv": [1.625, 4, 2, 4.125], "rotation": 90, "texture": "#0"},
				"up": {"uv": [1.625, 4.375, 1.75, 4], "rotation": 90, "texture": "#0"},
				"down": {"uv": [1.875, 4.375, 2, 4], "rotation": 90, "texture": "#0"}
			}
		},
		{
			"from": [11.64975, 5.53604, 6.5],
			"to": [13.14975, 7.03604, 7.5],
			"rotation": {"angle": 0, "axis": "y", "origin": [10.94975, 3.63604, 7]},
			"faces": {
				"north": {"uv": [1.625, 4, 2, 4.375], "rotation": 90, "texture": "#0"},
				"east": {"uv": [1.625, 4.25, 2, 4.375], "rotation": 90, "texture": "#0"},
				"south": {"uv": [1.625, 4, 2, 4.375], "rotation": 90, "texture": "#0"},
				"west": {"uv": [1.625, 4, 2, 4.125], "rotation": 90, "texture": "#0"},
				"up": {"uv": [1.625, 4.375, 1.75, 4], "rotation": 90, "texture": "#0"},
				"down": {"uv": [1.875, 4.375, 2, 4], "rotation": 90, "texture": "#0"}
			}
		},
		{
			"from": [1.35025, 4.03604, 7],
			"to": [4.35025, 7.03604, 7],
			"rotation": {"angle": 0, "axis": "y", "origin": [3.05025, 5.63604, 7]},
			"faces": {
				"north": {"uv": [1.625, 4.75, 2.375, 4], "rotation": 90, "texture": "#0"},
				"east": {"uv": [1, 0, 1, 0.75], "texture": "#missing"},
				"south": {"uv": [1.625, 4, 2.375, 4.75], "rotation": 90, "texture": "#0"},
				"west": {"uv": [1, 0, 1, 0.75], "texture": "#missing"},
				"up": {"uv": [6, 0, 6.75, 0], "texture": "#missing"},
				"down": {"uv": [6, 0, 6.75, 0], "texture": "#missing"}
			}
		},
		{
			"from": [2.35025, 5.03604, 6.75],
			"to": [4.35025, 7.03604, 7.25],
			"rotation": {"angle": 0, "axis": "y", "origin": [5.05025, 3.63604, 7]},
			"faces": {
				"north": {"uv": [1.625, 4.5, 2.125, 4], "rotation": 90, "texture": "#0"},
				"east": {"uv": [1.625, 4.125, 2.125, 4], "rotation": 90, "texture": "#0"},
				"south": {"uv": [1.625, 4, 2.125, 4.5], "rotation": 90, "texture": "#0"},
				"west": {"uv": [1.625, 4.5, 2.125, 4.375], "rotation": 90, "texture": "#0"},
				"up": {"uv": [1.625, 4, 1.75, 4.5], "rotation": 90, "texture": "#0"},
				"down": {"uv": [2, 4, 2.125, 4.5], "rotation": 90, "texture": "#0"}
			}
		},
		{
			"from": [2.85025, 5.53604, 6.5],
			"to": [4.35025, 7.03604, 7.5],
			"rotation": {"angle": 0, "axis": "y", "origin": [5.05025, 3.63604, 7]},
			"faces": {
				"north": {"uv": [1.625, 4.375, 2, 4], "rotation": 90, "texture": "#0"},
				"east": {"uv": [1.625, 4.125, 2, 4], "rotation": 90, "texture": "#0"},
				"south": {"uv": [1.625, 4.375, 2, 4], "rotation": 90, "texture": "#0"},
				"west": {"uv": [1.625, 4.375, 2, 4.25], "rotation": 90, "texture": "#0"},
				"up": {"uv": [1.625, 4, 1.75, 4.375], "rotation": 90, "texture": "#0"},
				"down": {"uv": [1.875, 4, 2, 4.375], "rotation": 90, "texture": "#0"}
			}
		},
		{
			"from": [0.35025, 7.03604, 6.75],
			"to": [2.35025, 9.03604, 7.25],
			"rotation": {"angle": 0, "axis": "y", "origin": [3.05025, 5.63604, 7]},
			"faces": {
				"north": {"uv": [1.625, 4.5, 2.125, 4], "rotation": 90, "texture": "#0"},
				"east": {"uv": [1.625, 4.125, 2.125, 4], "rotation": 90, "texture": "#0"},
				"south": {"uv": [1.625, 4, 2.125, 4.5], "rotation": 90, "texture": "#0"},
				"west": {"uv": [1.625, 4.5, 2.125, 4.375], "rotation": 90, "texture": "#0"},
				"up": {"uv": [1.625, 4, 1.75, 4.5], "rotation": 90, "texture": "#0"},
				"down": {"uv": [2, 4, 2.125, 4.5], "rotation": 90, "texture": "#0"}
			}
		},
		{
			"from": [0.85025, 7.53604, 6.5],
			"to": [2.35025, 9.03604, 7.5],
			"rotation": {"angle": 0, "axis": "y", "origin": [3.05025, 5.63604, 7]},
			"faces": {
				"north": {"uv": [1.625, 4.375, 2, 4], "rotation": 90, "texture": "#0"},
				"east": {"uv": [1.625, 4.125, 2, 4], "rotation": 90, "texture": "#0"},
				"south": {"uv": [1.625, 4.375, 2, 4], "rotation": 90, "texture": "#0"},
				"west": {"uv": [1.625, 4.375, 2, 4.25], "rotation": 90, "texture": "#0"},
				"up": {"uv": [1.625, 4, 1.75, 4.375], "rotation": 90, "texture": "#0"},
				"down": {"uv": [1.875, 4, 2, 4.375], "rotation": 90, "texture": "#0"}
			}
		}
	],
	"gui_light": "front",
	"display": {
		"thirdperson_righthand": {
			"rotation": [0, -86, 0],
			"translation": [3.75, -4.75, 5],
			"scale": [1.3, 1.3, 1.3]
		},
		"thirdperson_lefthand": {
			"rotation": [0, -86, 0],
			"translation": [3.75, -4.75, 5],
			"scale": [1.3, 1.3, 1.3]
		},
		"firstperson_righthand": {
			"translation": [5, -1.5, -0.25]
		},
		"firstperson_lefthand": {
			"translation": [5, -1.5, -0.25]
		},
		"ground": {
			"translation": [0, 9, 0]
		},
		"gui": {
			"rotation": [-169, -33.75, -180],
			"translation": [-0.25, -0.25, 0],
			"scale": [0.57813, 0.57813, 0.57813]
		},
		"fixed": {
			"translation": [0, -0.25, -4.25],
			"scale": [2.4, 2.4, 2.4]
		}
	},
	"groups": [
		{
			"name": "group",
			"origin": [12.94975, 5.63604, 7],
			"color": 0,
			"children": [
				0,
				1,
				2,
				3,
				4,
				5,
				6,
				7,
				8,
				9,
				10,
				11,
				12,
				13,
				14,
				15,
				16,
				17,
				18,
				19,
				20,
				21,
				22,
				23,
				24,
				25,
				26,
				27,
				28,
				29,
				30,
				31,
				32,
				33,
				34,
				35,
				36,
				37,
				38,
				39,
				40,
				41,
				42,
				43,
				44,
				45,
				46,
				47,
				48,
				49,
				50,
				51
			]
		}
	]
}