{"textures":{"0":"modelengine:entity/skrilldragonbaby"},"elements":[{"from":[7.4538345,1.3496137,-4.853365],"to":[8.524037,2.456902,-3.7166204],"rotation":{"angle":22.5,"axis":"x","origin":[11.428936,-13.403265,23.872566]},"faces":{"east":{"uv":[7.125,0.0,7.21875,0.09375],"rotation":0,"texture":"#0","tintindex":0},"south":{"uv":[0.125,7.125,0.21875,7.21875],"rotation":0,"texture":"#0","tintindex":0},"north":{"uv":[0.0,7.125,0.09375,7.21875],"rotation":0,"texture":"#0","tintindex":0},"west":{"uv":[7.125,0.125,7.21875,0.21875],"rotation":0,"texture":"#0","tintindex":0},"up":{"uv":[0.34375,7.21875,0.25,7.125],"rotation":0,"texture":"#0","tintindex":0},"down":{"uv":[0.46875,7.125,0.375,7.21875],"rotation":0,"texture":"#0","tintindex":0}}},{"from":[15.434689,7.2597103,8.907128],"to":[18.741669,11.5504875,9.430108],"rotation":{"angle":45.0,"axis":"y","origin":[11.428936,-13.403265,23.872566]},"faces":{"east":{"uv":[5.1875,7.0,5.21875,7.34375],"rotation":0,"texture":"#0","tintindex":0},"south":{"uv":[5.125,6.0,5.375,6.34375],"rotation":0,"texture":"#0","tintindex":0},"north":{"uv":[4.875,6.0,5.125,6.34375],"rotation":0,"texture":"#0","tintindex":0},"west":{"uv":[0.5,7.0625,0.53125,7.40625],"rotation":0,"texture":"#0","tintindex":0},"up":{"uv":[3.5625,7.15625,3.3125,7.125],"rotation":0,"texture":"#0","tintindex":0},"down":{"uv":[3.8125,7.125,3.5625,7.15625],"rotation":0,"texture":"#0","tintindex":0}}},{"from":[6.7218013,6.1675577,5.4949226],"to":[9.256071,7.8592844,8.19522],"rotation":{"angle":0.0,"axis":"y","origin":[11.428936,-13.403265,23.872566]},"faces":{"east":{"uv":[0.3125,6.4375,0.53125,6.5625],"rotation":0,"texture":"#0","tintindex":0},"south":{"uv":[1.4375,6.9375,1.625,7.0625],"rotation":0,"texture":"#0","tintindex":0},"north":{"uv":[6.9375,1.3125,7.125,1.4375],"rotation":0,"texture":"#0","tintindex":0},"west":{"uv":[0.0,6.875,0.21875,7.0],"rotation":0,"texture":"#0","tintindex":0},"up":{"uv":[4.0625,6.90625,3.875,6.6875],"rotation":0,"texture":"#0","tintindex":0},"down":{"uv":[4.25,6.6875,4.0625,6.90625],"rotation":0,"texture":"#0","tintindex":0}}},{"from":[5.9773955,-0.9271889,1.1523995],"to":[10.000477,0.39480066,2.4743886],"rotation":{"angle":22.5,"axis":"x","origin":[11.428936,-13.403265,23.872566]},"faces":{"east":{"uv":[0.5625,7.125,0.65625,7.21875],"rotation":0,"texture":"#0","tintindex":0},"south":{"uv":[6.875,0.5625,7.1875,0.65625],"rotation":0,"texture":"#0","tintindex":0},"north":{"uv":[6.875,0.4375,7.1875,0.53125],"rotation":0,"texture":"#0","tintindex":0},"west":{"uv":[0.6875,7.125,0.78125,7.21875],"rotation":0,"texture":"#0","tintindex":0},"up":{"uv":[7.1875,2.46875,6.875,2.375],"rotation":0,"texture":"#0","tintindex":0},"down":{"uv":[7.1875,2.5,6.875,2.59375],"rotation":0,"texture":"#0","tintindex":0}}},{"from":[6.488216,-2.2928905,-4.488819],"to":[9.489656,0.03241396,-3.5405893],"rotation":{"angle":22.5,"axis":"x","origin":[11.428936,-13.403265,23.872566]},"faces":{"east":{"uv":[5.5,4.0,5.5625,4.1875],"rotation":0,"texture":"#0","tintindex":0},"south":{"uv":[6.6875,1.5,6.9375,1.6875],"rotation":0,"texture":"#0","tintindex":0},"north":{"uv":[6.6875,1.3125,6.9375,1.5],"rotation":0,"texture":"#0","tintindex":0},"west":{"uv":[5.9375,3.8125,6.0,4.0],"rotation":0,"texture":"#0","tintindex":0},"up":{"uv":[5.3125,4.75,5.0625,4.6875],"rotation":0,"texture":"#0","tintindex":0},"down":{"uv":[5.5625,4.6875,5.3125,4.75],"rotation":0,"texture":"#0","tintindex":0}}},{"from":[5.9373956,10.549448,15.826103],"to":[10.040477,12.4190235,17.563686],"rotation":{"angle":-22.5,"axis":"x","origin":[11.428936,-13.403265,23.872566]},"faces":{"east":{"uv":[4.125,6.9375,4.25,7.09375],"rotation":0,"texture":"#0","tintindex":0},"south":{"uv":[2.3125,6.625,2.625,6.78125],"rotation":0,"texture":"#0","tintindex":0},"north":{"uv":[1.25,6.625,1.5625,6.78125],"rotation":0,"texture":"#0","tintindex":0},"west":{"uv":[5.75,6.9375,5.875,7.09375],"rotation":0,"texture":"#0","tintindex":0},"up":{"uv":[7.125,0.125,6.8125,0.0],"rotation":0,"texture":"#0","tintindex":0},"down":{"uv":[7.125,0.125,6.8125,0.25],"rotation":0,"texture":"#0","tintindex":0}}},{"from":[6.947321,7.3229876,2.7426023],"to":[9.030551,8.359514,7.8899403],"rotation":{"angle":0.0,"axis":"y","origin":[11.428936,-13.403265,23.872566]},"faces":{"east":{"uv":[1.1875,6.8125,1.59375,6.90625],"rotation":0,"texture":"#0","tintindex":0},"south":{"uv":[2.875,7.0625,3.03125,7.15625],"rotation":0,"texture":"#0","tintindex":0},"north":{"uv":[2.6875,7.0625,2.84375,7.15625],"rotation":0,"texture":"#0","tintindex":0},"west":{"uv":[1.625,6.8125,2.03125,6.90625],"rotation":0,"texture":"#0","tintindex":0},"up":{"uv":[3.28125,6.71875,3.125,6.3125],"rotation":0,"texture":"#0","tintindex":0},"down":{"uv":[6.53125,3.8125,6.375,4.21875],"rotation":0,"texture":"#0","tintindex":0}}},{"from":[6.0176578,12.814886,27.892546],"to":[9.960215,15.380788,30.378447],"rotation":{"angle":-45.0,"axis":"x","origin":[11.428936,-13.403265,23.872566]},"faces":{"east":{"uv":[3.125,6.75,3.3125,6.9375],"rotation":0,"texture":"#0","tintindex":0},"south":{"uv":[0.3125,6.5625,0.625,6.75],"rotation":0,"texture":"#0","tintindex":0},"north":{"uv":[2.3125,6.4375,2.625,6.625],"rotation":0,"texture":"#0","tintindex":0},"west":{"uv":[2.3125,6.8125,2.5,7.0],"rotation":0,"texture":"#0","tintindex":0},"up":{"uv":[6.875,0.5625,6.5625,0.375],"rotation":0,"texture":"#0","tintindex":0},"down":{"uv":[6.875,0.5625,6.5625,0.75],"rotation":0,"texture":"#0","tintindex":0}}},{"from":[5.995817,15.377701,18.868038],"to":[9.982055,15.679426,22.388813],"rotation":{"angle":-22.5,"axis":"x","origin":[11.428936,-13.403265,23.872566]},"faces":{"east":{"uv":[1.0,7.125,1.28125,7.15625],"rotation":0,"texture":"#0","tintindex":0},"south":{"uv":[7.0625,4.875,7.375,4.90625],"rotation":0,"texture":"#0","tintindex":0},"north":{"uv":[7.0625,4.8125,7.375,4.84375],"rotation":0,"texture":"#0","tintindex":0},"west":{"uv":[1.3125,7.125,1.59375,7.15625],"rotation":0,"texture":"#0","tintindex":0},"up":{"uv":[2.0,5.90625,1.6875,5.625],"rotation":0,"texture":"#0","tintindex":0},"down":{"uv":[6.3125,3.25,6.0,3.53125],"rotation":0,"texture":"#0","tintindex":0}}},{"from":[-0.74869156,7.2597103,13.772022],"to":[2.5582886,11.5504875,14.295002],"rotation":{"angle":-45.0,"axis":"y","origin":[11.428936,-13.403265,23.872566]},"faces":{"east":{"uv":[4.8125,7.0625,4.84375,7.40625],"rotation":0,"texture":"#0","tintindex":0},"south":{"uv":[1.0,6.0625,1.25,6.40625],"rotation":0,"texture":"#0","tintindex":0},"north":{"uv":[0.75,6.0625,1.0,6.40625],"rotation":0,"texture":"#0","tintindex":0},"west":{"uv":[4.875,7.0625,4.90625,7.40625],"rotation":0,"texture":"#0","tintindex":0},"up":{"uv":[4.375,7.15625,4.125,7.125],"rotation":0,"texture":"#0","tintindex":0},"down":{"uv":[4.625,7.125,4.375,7.15625],"rotation":0,"texture":"#0","tintindex":0}}},{"from":[6.253857,12.020952,15.446739],"to":[9.724015,14.692639,17.54718],"rotation":{"angle":-22.5,"axis":"x","origin":[11.428936,-13.403265,23.872566]},"faces":{"east":{"uv":[2.5,6.8125,2.65625,7.03125],"rotation":0,"texture":"#0","tintindex":0},"south":{"uv":[0.75,6.4375,1.03125,6.65625],"rotation":0,"texture":"#0","tintindex":0},"north":{"uv":[0.0,6.4375,0.28125,6.65625],"rotation":0,"texture":"#0","tintindex":0},"west":{"uv":[2.6875,6.8125,2.84375,7.03125],"rotation":0,"texture":"#0","tintindex":0},"up":{"uv":[6.96875,2.34375,6.6875,2.1875],"rotation":0,"texture":"#0","tintindex":0},"down":{"uv":[3.84375,6.6875,3.5625,6.84375],"rotation":0,"texture":"#0","tintindex":0}}},{"from":[6.491336,7.828736,2.7645526],"to":[9.486536,9.399783,7.602113],"rotation":{"angle":0.0,"axis":"y","origin":[11.428936,-13.403265,23.872566]},"faces":{"east":{"uv":[6.625,5.5,7.0,5.625],"rotation":0,"texture":"#0","tintindex":0},"south":{"uv":[2.0625,6.875,2.28125,7.0],"rotation":0,"texture":"#0","tintindex":0},"north":{"uv":[0.625,6.875,0.84375,7.0],"rotation":0,"texture":"#0","tintindex":0},"west":{"uv":[6.6875,1.6875,7.0625,1.8125],"rotation":0,"texture":"#0","tintindex":0},"up":{"uv":[6.34375,6.375,6.125,6.0],"rotation":0,"texture":"#0","tintindex":0},"down":{"uv":[3.59375,6.25,3.375,6.625],"rotation":0,"texture":"#0","tintindex":0}}},{"from":[23.178627,8.171136,8.051284],"to":[24.476645,9.771136,9.651283],"rotation":{"angle":45.0,"axis":"y","origin":[11.428936,-13.403265,23.872566]},"faces":{"east":{"uv":[0.5625,7.0,0.6875,7.125],"rotation":0,"texture":"#0","tintindex":0},"south":{"uv":[3.0625,7.0625,3.15625,7.1875],"rotation":0,"texture":"#0","tintindex":0},"north":{"uv":[3.75,7.0,3.84375,7.125],"rotation":0,"texture":"#0","tintindex":0},"west":{"uv":[0.6875,7.0,0.8125,7.125],"rotation":0,"texture":"#0","tintindex":0},"up":{"uv":[3.28125,7.1875,3.1875,7.0625],"rotation":0,"texture":"#0","tintindex":0},"down":{"uv":[3.96875,7.0625,3.875,7.1875],"rotation":0,"texture":"#0","tintindex":0}}},{"from":[-6.4836655,8.171136,12.916178],"to":[-5.185649,9.771136,14.516178],"rotation":{"angle":-45.0,"axis":"y","origin":[11.428936,-13.403265,23.872566]},"faces":{"east":{"uv":[1.0,7.0,1.125,7.125],"rotation":0,"texture":"#0","tintindex":0},"south":{"uv":[7.0625,4.5625,7.15625,4.6875],"rotation":0,"texture":"#0","tintindex":0},"north":{"uv":[4.0,7.0625,4.09375,7.1875],"rotation":0,"texture":"#0","tintindex":0},"west":{"uv":[2.0625,7.0,2.1875,7.125],"rotation":0,"texture":"#0","tintindex":0},"up":{"uv":[4.78125,7.1875,4.6875,7.0625],"rotation":0,"texture":"#0","tintindex":0},"down":{"uv":[7.15625,4.6875,7.0625,4.8125],"rotation":0,"texture":"#0","tintindex":0}}},{"from":[7.1216483,9.021373,2.8160477],"to":[8.856224,11.346678,4.4104376],"rotation":{"angle":0.0,"axis":"y","origin":[11.428936,-13.403265,23.872566]},"faces":{"east":{"uv":[1.625,6.9375,1.75,7.125],"rotation":0,"texture":"#0","tintindex":0},"south":{"uv":[1.75,6.9375,1.875,7.125],"rotation":0,"texture":"#0","tintindex":0},"north":{"uv":[6.9375,1.4375,7.0625,1.625],"rotation":0,"texture":"#0","tintindex":0},"west":{"uv":[6.9375,1.8125,7.0625,2.0],"rotation":0,"texture":"#0","tintindex":0},"up":{"uv":[2.3125,7.125,2.1875,7.0],"rotation":0,"texture":"#0","tintindex":0},"down":{"uv":[7.125,2.1875,7.0,2.3125],"rotation":0,"texture":"#0","tintindex":0}}},{"from":[6.485096,14.824091,13.311426],"to":[9.492776,16.152836,15.526002],"rotation":{"angle":-22.5,"axis":"x","origin":[11.428936,-13.403265,23.872566]},"faces":{"east":{"uv":[6.25,6.9375,6.4375,7.03125],"rotation":0,"texture":"#0","tintindex":0},"south":{"uv":[3.875,6.9375,4.125,7.03125],"rotation":0,"texture":"#0","tintindex":0},"north":{"uv":[6.9375,2.0,7.1875,2.09375],"rotation":0,"texture":"#0","tintindex":0},"west":{"uv":[6.4375,6.9375,6.625,7.03125],"rotation":0,"texture":"#0","tintindex":0},"up":{"uv":[6.9375,2.0,6.6875,1.8125],"rotation":0,"texture":"#0","tintindex":0},"down":{"uv":[6.9375,2.0,6.6875,2.1875],"rotation":0,"texture":"#0","tintindex":0}}}],"display":{"head":{"translation":[0.0,-6.4,0.0],"scale":[4.0,4.0,4.0]}}}