{"textures":{"0":"modelengine:entity/skrilldragonbaby"},"elements":[{"from":[5.142857,1.8679652,6.2938504],"to":[8.571428,9.410823,11.550994],"rotation":{"angle":0.0,"axis":"y","origin":[17.257145,-20.074892,9.493851]},"faces":{"east":{"uv":[0.75,5.625,1.03125,6.03125],"rotation":0,"texture":"#0","tintindex":0},"south":{"uv":[3.8125,6.25,4.0,6.65625],"rotation":0,"texture":"#0","tintindex":0},"north":{"uv":[3.625,6.25,3.8125,6.65625],"rotation":0,"texture":"#0","tintindex":0},"west":{"uv":[5.625,0.9375,5.90625,1.34375],"rotation":0,"texture":"#0","tintindex":0},"up":{"uv":[5.9375,6.65625,5.75,6.375],"rotation":0,"texture":"#0","tintindex":0},"down":{"uv":[1.25,6.4375,1.0625,6.71875],"rotation":0,"texture":"#0","tintindex":0}}}],"display":{"head":{"translation":[0.0,-6.4,0.0],"scale":[4.0,4.0,4.0]}}}