{"textures":{"0":"modelengine:entity/skrilldragonbaby"},"elements":[{"from":[-1.2827196,6.365714,22.947474],"to":[9.094423,8.491428,25.416046],"rotation":{"angle":-45.0,"axis":"y","origin":[27.337143,-23.68,16.300426]},"faces":{"east":{"uv":[4.75,6.25,4.875,6.375],"rotation":0,"texture":"#0","tintindex":0},"south":{"uv":[5.375,6.25,5.9375,6.375],"rotation":0,"texture":"#0","tintindex":0},"north":{"uv":[6.125,2.25,6.6875,2.375],"rotation":0,"texture":"#0","tintindex":0},"west":{"uv":[2.625,6.4375,2.75,6.5625],"rotation":0,"texture":"#0","tintindex":0},"up":{"uv":[0.5625,6.4375,0.0,6.3125],"rotation":0,"texture":"#0","tintindex":0},"down":{"uv":[0.5625,6.3125,0.0,6.4375],"rotation":0,"texture":"#0","tintindex":0}}},{"from":[17.157238,6.0114284,-16.0],"to":[21.682951,9.302857,-11.474285],"rotation":{"angle":45.0,"axis":"y","origin":[27.337143,-23.68,16.300426]},"faces":{"east":{"uv":[6.625,4.75,6.875,4.9375],"rotation":0,"texture":"#0","tintindex":0},"south":{"uv":[4.875,6.625,5.125,6.8125],"rotation":0,"texture":"#0","tintindex":0},"north":{"uv":[4.625,6.625,4.875,6.8125],"rotation":0,"texture":"#0","tintindex":0},"west":{"uv":[5.125,6.625,5.375,6.8125],"rotation":0,"texture":"#0","tintindex":0},"up":{"uv":[6.625,4.75,6.375,4.5],"rotation":0,"texture":"#0","tintindex":0},"down":{"uv":[5.0,6.375,4.75,6.625],"rotation":0,"texture":"#0","tintindex":0}}},{"from":[-0.59428596,7.3485713,3.0661407],"to":[8.0,7.9657145,18.494713],"rotation":{"angle":0.0,"axis":"y","origin":[27.337143,-23.68,16.300426]},"faces":{"east":{"uv":[6.875,0.6875,7.71875,0.71875],"rotation":0,"texture":"#0","tintindex":0},"south":{"uv":[7.0,2.3125,7.46875,2.34375],"rotation":0,"texture":"#0","tintindex":0},"north":{"uv":[4.25,5.75,4.71875,5.78125],"rotation":0,"texture":"#0","tintindex":0},"west":{"uv":[6.875,2.625,7.71875,2.65625],"rotation":0,"texture":"#0","tintindex":0},"up":{"uv":[0.46875,5.59375,0.0,4.75],"rotation":0,"texture":"#0","tintindex":0},"down":{"uv":[0.46875,4.75,0.0,5.59375],"rotation":0,"texture":"#0","tintindex":0}}},{"from":[-8.826843,7.5542855,1.0880165],"to":[-1.5582714,7.76,13.842303],"rotation":{"angle":-22.5,"axis":"y","origin":[27.337143,-23.68,16.300426]},"faces":{"east":{"uv":[5.75,5.625,6.4375,5.65625],"rotation":0,"texture":"#0","tintindex":0},"south":{"uv":[7.0625,4.375,7.46875,4.40625],"rotation":0,"texture":"#0","tintindex":0},"north":{"uv":[4.25,7.0625,4.65625,7.09375],"rotation":0,"texture":"#0","tintindex":0},"west":{"uv":[6.875,3.4375,7.5625,3.46875],"rotation":0,"texture":"#0","tintindex":0},"up":{"uv":[3.53125,5.4375,3.125,4.75],"rotation":0,"texture":"#0","tintindex":0},"down":{"uv":[3.96875,4.75,3.5625,5.4375],"rotation":0,"texture":"#0","tintindex":0}}}],"display":{"head":{"translation":[0.0,-6.4,-6.3217087],"scale":[4.0,4.0,4.0]}}}