{"textures":{"0":"modelengine:entity/skrilldragonbaby"},"elements":[{"from":[6.6514287,6.2793946,5.859565],"to":[9.394286,8.016538,10.316708],"rotation":{"angle":0.0,"axis":"y","origin":[18.422857,-10.109177,7.916708]},"faces":{"east":{"uv":[5.0,6.875,5.25,6.96875],"rotation":0,"texture":"#0","tintindex":0},"south":{"uv":[7.0,3.5,7.15625,3.59375],"rotation":0,"texture":"#0","tintindex":0},"north":{"uv":[2.3125,7.0,2.46875,7.09375],"rotation":0,"texture":"#0","tintindex":0},"west":{"uv":[6.875,5.125,7.125,5.21875],"rotation":0,"texture":"#0","tintindex":0},"up":{"uv":[5.90625,6.9375,5.75,6.6875],"rotation":0,"texture":"#0","tintindex":0},"down":{"uv":[0.40625,6.75,0.25,7.0],"rotation":0,"texture":"#0","tintindex":0}}},{"from":[8.4021435,6.2565374,1.2901068],"to":[10.341637,7.9936805,3.2295995],"rotation":{"angle":45.0,"axis":"y","origin":[18.422857,-10.109177,7.916708]},"faces":{"east":{"uv":[7.0625,5.8125,7.15625,5.90625],"rotation":0,"texture":"#0","tintindex":0},"south":{"uv":[5.875,7.0625,5.96875,7.15625],"rotation":0,"texture":"#0","tintindex":0},"north":{"uv":[5.25,7.0625,5.34375,7.15625],"rotation":0,"texture":"#0","tintindex":0},"west":{"uv":[7.0625,5.9375,7.15625,6.03125],"rotation":0,"texture":"#0","tintindex":0},"up":{"uv":[6.09375,7.15625,6.0,7.0625],"rotation":0,"texture":"#0","tintindex":0},"down":{"uv":[7.15625,6.0625,7.0625,6.15625],"rotation":0,"texture":"#0","tintindex":0}}},{"from":[6.72,5.74778,-0.8565788],"to":[9.325714,6.982065,1.9091353],"rotation":{"angle":22.5,"axis":"x","origin":[18.422857,-10.109177,7.916708]},"faces":{"east":{"uv":[5.625,3.25,5.78125,3.3125],"rotation":0,"texture":"#0","tintindex":0},"south":{"uv":[5.8125,3.25,5.96875,3.3125],"rotation":0,"texture":"#0","tintindex":0},"north":{"uv":[5.5625,5.125,5.71875,5.1875],"rotation":0,"texture":"#0","tintindex":0},"west":{"uv":[5.9375,1.3125,6.09375,1.375],"rotation":0,"texture":"#0","tintindex":0},"up":{"uv":[5.59375,6.96875,5.4375,6.8125],"rotation":0,"texture":"#0","tintindex":0},"down":{"uv":[4.40625,6.875,4.25,7.03125],"rotation":0,"texture":"#0","tintindex":0}}}],"display":{"head":{"translation":[0.0,-6.4,0.0],"scale":[4.0,4.0,4.0]}}}