{"textures":{"0":"modelengine:entity/skrilldragonbaby"},"elements":[{"from":[14.8442,6.3885713,3.3762712],"to":[19.369915,9.68,7.9019856],"rotation":{"angle":45.0,"axis":"y","origin":[17.508572,-23.302858,18.948572]},"faces":{"east":{"uv":[4.375,6.625,4.625,6.8125],"rotation":0,"texture":"#0","tintindex":0},"south":{"uv":[6.625,4.375,6.875,4.5625],"rotation":0,"texture":"#0","tintindex":0},"north":{"uv":[3.3125,6.625,3.5625,6.8125],"rotation":0,"texture":"#0","tintindex":0},"west":{"uv":[6.625,4.5625,6.875,4.75],"rotation":0,"texture":"#0","tintindex":0},"up":{"uv":[6.625,3.0,6.375,2.75],"rotation":0,"texture":"#0","tintindex":0},"down":{"uv":[6.625,4.25,6.375,4.5],"rotation":0,"texture":"#0","tintindex":0}}},{"from":[-1.8285723,6.6285715,9.828571],"to":[7.885714,9.440001,12.845715],"rotation":{"angle":0.0,"axis":"y","origin":[17.508572,-23.302858,18.948572]},"faces":{"east":{"uv":[6.875,4.5625,7.03125,4.71875],"rotation":0,"texture":"#0","tintindex":0},"south":{"uv":[6.125,1.3125,6.65625,1.46875],"rotation":0,"texture":"#0","tintindex":0},"north":{"uv":[0.0,6.125,0.53125,6.28125],"rotation":0,"texture":"#0","tintindex":0},"west":{"uv":[4.625,6.875,4.78125,7.03125],"rotation":0,"texture":"#0","tintindex":0},"up":{"uv":[6.65625,1.65625,6.125,1.5],"rotation":0,"texture":"#0","tintindex":0},"down":{"uv":[2.15625,6.125,1.625,6.28125],"rotation":0,"texture":"#0","tintindex":0}}},{"from":[-1.8285723,7.725714,10.285714],"to":[8.022857,8.342857,18.857143],"rotation":{"angle":0.0,"axis":"y","origin":[17.508572,-23.302858,18.948572]},"faces":{"east":{"uv":[7.0,5.375,7.46875,5.40625],"rotation":0,"texture":"#0","tintindex":0},"south":{"uv":[6.9375,6.875,7.46875,6.90625],"rotation":0,"texture":"#0","tintindex":0},"north":{"uv":[6.9375,2.125,7.46875,2.15625],"rotation":0,"texture":"#0","tintindex":0},"west":{"uv":[7.0,7.0,7.46875,7.03125],"rotation":0,"texture":"#0","tintindex":0},"up":{"uv":[5.59375,0.90625,5.0625,0.4375],"rotation":0,"texture":"#0","tintindex":0},"down":{"uv":[5.59375,0.4375,5.0625,0.90625],"rotation":0,"texture":"#0","tintindex":0}}}],"display":{"head":{"translation":[0.0,-6.4,0.0],"scale":[4.0,4.0,4.0]}}}