{"textures":{"0":"modelengine:entity/skrilldragonbaby"},"elements":[{"from":[6.2672296,14.815695,16.769794],"to":[9.695801,16.296448,24.580276],"rotation":{"angle":-22.5,"axis":"x","origin":[12.898108,-20.800468,33.246452]},"faces":{"east":{"uv":[6.6875,6.625,7.125,6.71875],"rotation":0,"texture":"#0","tintindex":0},"south":{"uv":[6.0625,6.9375,6.25,7.03125],"rotation":0,"texture":"#0","tintindex":0},"north":{"uv":[5.875,6.9375,6.0625,7.03125],"rotation":0,"texture":"#0","tintindex":0},"west":{"uv":[6.6875,6.75,7.125,6.84375],"rotation":0,"texture":"#0","tintindex":0},"up":{"uv":[0.75,6.5625,0.5625,6.125],"rotation":0,"texture":"#0","tintindex":0},"down":{"uv":[2.9375,6.125,2.75,6.5625],"rotation":0,"texture":"#0","tintindex":0}}},{"from":[5.321058,13.864497,16.236729],"to":[10.646586,15.520106,22.290869],"rotation":{"angle":-22.5,"axis":"x","origin":[12.898108,-20.800468,33.246452]},"faces":{"east":{"uv":[5.9375,6.8125,6.28125,6.90625],"rotation":0,"texture":"#0","tintindex":0},"south":{"uv":[3.5625,6.875,3.84375,6.96875],"rotation":0,"texture":"#0","tintindex":0},"north":{"uv":[6.875,3.3125,7.15625,3.40625],"rotation":0,"texture":"#0","tintindex":0},"west":{"uv":[6.3125,6.8125,6.65625,6.90625],"rotation":0,"texture":"#0","tintindex":0},"up":{"uv":[3.34375,6.28125,3.0625,5.9375],"rotation":0,"texture":"#0","tintindex":0},"down":{"uv":[6.28125,2.375,6.0,2.71875],"rotation":0,"texture":"#0","tintindex":0}}},{"from":[7.240965,15.625866,18.420704],"to":[8.72668,16.31158,23.906418],"rotation":{"angle":-22.5,"axis":"x","origin":[12.898108,-20.800468,33.246452]},"faces":{"east":{"uv":[7.0625,5.0,7.375,5.03125],"rotation":0,"texture":"#0","tintindex":0},"south":{"uv":[5.0625,7.125,5.15625,7.15625],"rotation":0,"texture":"#0","tintindex":0},"north":{"uv":[4.9375,7.125,5.03125,7.15625],"rotation":0,"texture":"#0","tintindex":0},"west":{"uv":[7.0625,5.0625,7.375,5.09375],"rotation":0,"texture":"#0","tintindex":0},"up":{"uv":[3.40625,7.125,3.3125,6.8125],"rotation":0,"texture":"#0","tintindex":0},"down":{"uv":[3.53125,6.8125,3.4375,7.125],"rotation":0,"texture":"#0","tintindex":0}}}],"display":{"head":{"translation":[0.0,-6.4,0.0],"scale":[4.0,4.0,4.0]}}}