{"textures":{"0":"modelengine:entity/skrilldragonbaby"},"elements":[{"from":[-0.29227257,7.1714287,3.9740853],"to":[11.867728,8.748571,6.5797997],"rotation":{"angle":-22.5,"axis":"y","origin":[-8.960266,-23.377144,26.025131]},"faces":{"east":{"uv":[6.96875,7.0,6.8125,7.09375],"rotation":0,"texture":"#0","tintindex":0},"south":{"uv":[6.78125,6.375,6.125,6.46875],"rotation":0,"texture":"#0","tintindex":0},"north":{"uv":[7.03125,6.0625,6.375,6.15625],"rotation":0,"texture":"#0","tintindex":0},"west":{"uv":[6.78125,7.0,6.625,7.09375],"rotation":0,"texture":"#0","tintindex":0},"up":{"uv":[5.875,0.53125,6.53125,0.375],"rotation":0,"texture":"#0","tintindex":0},"down":{"uv":[5.875,0.375,6.53125,0.53125],"rotation":0,"texture":"#0","tintindex":0}}},{"from":[1.8437223,7.3085713,-2.3179064],"to":[17.203724,8.611428,0.013522148],"rotation":{"angle":-45.0,"axis":"y","origin":[-8.960266,-23.377144,26.025131]},"faces":{"east":{"uv":[1.75,7.125,1.625,7.1875],"rotation":0,"texture":"#0","tintindex":0},"south":{"uv":[7.46875,0.9375,6.625,1.0],"rotation":0,"texture":"#0","tintindex":0},"north":{"uv":[7.46875,0.3125,6.625,0.375],"rotation":0,"texture":"#0","tintindex":0},"west":{"uv":[7.25,1.375,7.125,1.4375],"rotation":0,"texture":"#0","tintindex":0},"up":{"uv":[5.75,0.125,6.59375,0.0],"rotation":0,"texture":"#0","tintindex":0},"down":{"uv":[6.59375,0.25,5.75,0.125],"rotation":0,"texture":"#0","tintindex":0}}},{"from":[-2.0458708,7.8914285,5.654746],"to":[28.67413,8.028571,26.91189],"rotation":{"angle":-22.5,"axis":"y","origin":[-8.960266,-23.377144,26.025131]},"faces":{"east":{"uv":[7.96875,4.0,6.8125,4.03125],"rotation":0,"texture":"#0","tintindex":0},"south":{"uv":[8.3125,1.0625,6.625,1.09375],"rotation":0,"texture":"#0","tintindex":0},"north":{"uv":[8.3125,1.0,6.625,1.03125],"rotation":0,"texture":"#0","tintindex":0},"west":{"uv":[7.96875,3.9375,6.8125,3.96875],"rotation":0,"texture":"#0","tintindex":0},"up":{"uv":[0.0,3.53125,1.6875,2.375],"rotation":0,"texture":"#0","tintindex":0},"down":{"uv":[0.0,2.375,1.6875,3.53125],"rotation":0,"texture":"#0","tintindex":0}}}],"display":{"head":{"translation":[0.0,-6.4,0.0],"scale":[4.0,4.0,4.0]}}}