{"textures":{"0":"modelengine:entity/skrilldragonbaby"},"elements":[{"from":[7.062857,2.742857,6.7885714],"to":[9.12,8.914286,10.011429],"rotation":{"angle":0.0,"axis":"y","origin":[7.52,-14.765715,7.222857]},"faces":{"east":{"uv":[4.75,6.25,4.5625,6.59375],"rotation":0,"texture":"#0","tintindex":0},"south":{"uv":[1.0,6.6875,0.875,7.03125],"rotation":0,"texture":"#0","tintindex":0},"north":{"uv":[5.75,6.625,5.625,6.96875],"rotation":0,"texture":"#0","tintindex":0},"west":{"uv":[4.5625,6.25,4.375,6.59375],"rotation":0,"texture":"#0","tintindex":0},"up":{"uv":[4.75,5.625,4.875,5.4375],"rotation":0,"texture":"#0","tintindex":0},"down":{"uv":[2.9375,6.125,3.0625,6.3125],"rotation":0,"texture":"#0","tintindex":0}}}],"display":{"head":{"translation":[0.0,-6.4,0.0],"scale":[4.0,4.0,4.0]}}}