{"textures":{"0":"modelengine:entity/skrilldragonbaby"},"elements":[{"from":[-0.49119282,6.3885713,10.32612],"to":[4.0345216,9.68,14.851835],"rotation":{"angle":-45.0,"axis":"y","origin":[8.32,-23.302858,18.948572]},"faces":{"east":{"uv":[6.875,4.5625,6.625,4.75],"rotation":0,"texture":"#0","tintindex":0},"south":{"uv":[6.875,4.375,6.625,4.5625],"rotation":0,"texture":"#0","tintindex":0},"north":{"uv":[3.5625,6.625,3.3125,6.8125],"rotation":0,"texture":"#0","tintindex":0},"west":{"uv":[4.625,6.625,4.375,6.8125],"rotation":0,"texture":"#0","tintindex":0},"up":{"uv":[6.375,3.0,6.625,2.75],"rotation":0,"texture":"#0","tintindex":0},"down":{"uv":[6.375,4.25,6.625,4.5],"rotation":0,"texture":"#0","tintindex":0}}},{"from":[8.114285,6.6285715,9.828571],"to":[17.828571,9.440001,12.845715],"rotation":{"angle":0.0,"axis":"y","origin":[8.32,-23.302858,18.948572]},"faces":{"east":{"uv":[4.78125,6.875,4.625,7.03125],"rotation":0,"texture":"#0","tintindex":0},"south":{"uv":[6.65625,1.3125,6.125,1.46875],"rotation":0,"texture":"#0","tintindex":0},"north":{"uv":[0.53125,6.125,0.0,6.28125],"rotation":0,"texture":"#0","tintindex":0},"west":{"uv":[7.03125,4.5625,6.875,4.71875],"rotation":0,"texture":"#0","tintindex":0},"up":{"uv":[6.125,1.65625,6.65625,1.5],"rotation":0,"texture":"#0","tintindex":0},"down":{"uv":[1.625,6.125,2.15625,6.28125],"rotation":0,"texture":"#0","tintindex":0}}},{"from":[7.977143,7.725714,10.285714],"to":[17.828571,8.342857,18.857143],"rotation":{"angle":0.0,"axis":"y","origin":[8.32,-23.302858,18.948572]},"faces":{"east":{"uv":[7.46875,7.0,7.0,7.03125],"rotation":0,"texture":"#0","tintindex":0},"south":{"uv":[7.46875,6.875,6.9375,6.90625],"rotation":0,"texture":"#0","tintindex":0},"north":{"uv":[7.46875,2.125,6.9375,2.15625],"rotation":0,"texture":"#0","tintindex":0},"west":{"uv":[7.46875,5.375,7.0,5.40625],"rotation":0,"texture":"#0","tintindex":0},"up":{"uv":[5.0625,0.90625,5.59375,0.4375],"rotation":0,"texture":"#0","tintindex":0},"down":{"uv":[5.0625,0.4375,5.59375,0.90625],"rotation":0,"texture":"#0","tintindex":0}}}],"display":{"head":{"translation":[0.0,-6.4,0.0],"scale":[4.0,4.0,4.0]}}}