{"textures":{"0":"modelengine:entity/skrilldragonbaby"},"elements":[{"from":[6.6971426,7.017143,7.885714],"to":[9.302857,9.28,17.417143],"rotation":{"angle":0.0,"axis":"y","origin":[12.914286,-22.01143,-11.360001]},"faces":{"east":{"uv":[6.3125,3.25,6.84375,3.375],"rotation":0,"texture":"#0","tintindex":0},"south":{"uv":[3.125,6.9375,3.28125,7.0625],"rotation":0,"texture":"#0","tintindex":0},"north":{"uv":[1.875,6.9375,2.03125,7.0625],"rotation":0,"texture":"#0","tintindex":0},"west":{"uv":[6.3125,3.375,6.84375,3.5],"rotation":0,"texture":"#0","tintindex":0},"up":{"uv":[1.40625,6.59375,1.25,6.0625],"rotation":0,"texture":"#0","tintindex":0},"down":{"uv":[1.59375,6.0625,1.4375,6.59375],"rotation":0,"texture":"#0","tintindex":0}}},{"from":[8.0,9.302857,9.714286],"to":[8.0,14.102858,15.885715],"rotation":{"angle":0.0,"axis":"y","origin":[12.914286,-22.01143,-11.360001]},"faces":{"east":{"uv":[6.0,4.0625,6.34375,4.3125],"rotation":0,"texture":"#0","tintindex":0},"south":{"uv":[0.0,0.0,0.0,0.25],"rotation":0,"texture":"#0","tintindex":0},"north":{"uv":[0.0,0.0,0.0,0.25],"rotation":0,"texture":"#0","tintindex":0},"west":{"uv":[4.125,6.0,4.46875,6.25],"rotation":0,"texture":"#0","tintindex":0},"up":{"uv":[0.0,0.34375,0.0,0.0],"rotation":0,"texture":"#0","tintindex":0},"down":{"uv":[0.0,0.0,0.0,0.34375],"rotation":0,"texture":"#0","tintindex":0}}}],"display":{"head":{"translation":[0.0,-6.4,0.0],"scale":[4.0,4.0,4.0]}}}