{"textures":{"0":"modelengine:entity/toffy_crate_raven"},"elements":[{"from":[7.7,7.428571,5.714286],"to":[8.3,8.0,6.285714],"rotation":{"angle":0.0,"axis":"y","origin":[8.0,8.0,6.285714]},"faces":{"east":{"uv":[9.75,5.125,9.875,5.25],"rotation":0,"texture":"#0","tintindex":0},"south":{"uv":[9.75,7.25,9.875,7.375],"rotation":0,"texture":"#0","tintindex":0},"north":{"uv":[2.625,8.5,2.75,8.625],"rotation":0,"texture":"#0","tintindex":0},"west":{"uv":[9.875,3.125,10.0,3.25],"rotation":0,"texture":"#0","tintindex":0},"up":{"uv":[3.375,10.0,3.25,9.875],"rotation":0,"texture":"#0","tintindex":0},"down":{"uv":[10.0,3.375,9.875,3.5],"rotation":0,"texture":"#0","tintindex":0}}},{"from":[7.4142857,7.428571,6.285714],"to":[8.585714,8.0,8.0],"rotation":{"angle":0.0,"axis":"y","origin":[8.0,8.0,6.285714]},"faces":{"east":{"uv":[9.375,7.5,9.75,7.625],"rotation":0,"texture":"#0","tintindex":0},"south":{"uv":[1.625,9.75,1.875,9.875],"rotation":0,"texture":"#0","tintindex":0},"north":{"uv":[9.75,1.375,10.0,1.5],"rotation":0,"texture":"#0","tintindex":0},"west":{"uv":[9.375,7.75,9.75,7.875],"rotation":0,"texture":"#0","tintindex":0},"up":{"uv":[0.5,9.125,0.25,8.75],"rotation":0,"texture":"#0","tintindex":0},"down":{"uv":[7.125,8.875,6.875,9.25],"rotation":0,"texture":"#0","tintindex":0}}}],"display":{"head":{"translation":[0.0,-6.4,0.0],"scale":[4.0,4.0,4.0]}}}