{"textures":{"0":"modelengine:entity/toffy_crate_sweet_tooth"},"elements":[{"from":[7.428571,6.285714,7.714286],"to":[8.571428,8.0,8.285714],"rotation":{"angle":0.0,"axis":"y","origin":[8.0,10.285714,10.571428]},"faces":{"east":{"uv":[4.375,12.0,4.5,12.375],"rotation":0,"texture":"#0","tintindex":0},"south":{"uv":[8.625,11.0,8.875,11.375],"rotation":0,"texture":"#0","tintindex":0},"north":{"uv":[11.0,4.875,11.25,5.25],"rotation":0,"texture":"#0","tintindex":0},"west":{"uv":[0.75,12.125,0.875,12.5],"rotation":0,"texture":"#0","tintindex":0},"up":{"uv":[12.25,7.25,12.0,7.125],"rotation":0,"texture":"#0","tintindex":0},"down":{"uv":[12.25,9.625,12.0,9.75],"rotation":0,"texture":"#0","tintindex":0}}}],"display":{"head":{"translation":[0.0,-6.4,0.0],"scale":[4.0,4.0,4.0]}}}