{"textures":{"0":"modelengine:entity/toffy_crate_sweet_tooth"},"elements":[{"from":[6.857143,5.714286,7.714286],"to":[9.142858,8.0,8.285714],"rotation":{"angle":0.0,"axis":"y","origin":[8.0,8.0,10.571428]},"faces":{"east":{"uv":[4.875,7.125,5.0,7.625],"rotation":0,"texture":"#0","tintindex":0},"south":{"uv":[7.0,7.875,7.5,8.375],"rotation":0,"texture":"#0","tintindex":0},"north":{"uv":[2.375,7.875,2.875,8.375],"rotation":0,"texture":"#0","tintindex":0},"west":{"uv":[0.75,9.625,0.875,10.125],"rotation":0,"texture":"#0","tintindex":0},"up":{"uv":[10.875,5.25,10.375,5.125],"rotation":0,"texture":"#0","tintindex":0},"down":{"uv":[12.0,0.25,11.5,0.375],"rotation":0,"texture":"#0","tintindex":0}}}],"display":{"head":{"translation":[0.0,-6.4,0.0],"scale":[4.0,4.0,4.0]}}}