{"textures":{"0":"modelengine:entity/toffy_crate_sweet_tooth"},"elements":[{"from":[5.714286,6.285714,7.428571],"to":[10.285714,8.571428,8.571428],"rotation":{"angle":0.0,"axis":"y","origin":[8.0,5.142857,10.571428]},"faces":{"east":{"uv":[8.25,10.625,8.5,11.125],"rotation":0,"texture":"#0","tintindex":0},"south":{"uv":[6.125,5.125,7.125,5.625],"rotation":0,"texture":"#0","tintindex":0},"north":{"uv":[4.375,6.125,5.375,6.625],"rotation":0,"texture":"#0","tintindex":0},"west":{"uv":[10.5,10.75,10.75,11.25],"rotation":0,"texture":"#0","tintindex":0},"up":{"uv":[3.125,3.875,2.125,3.625],"rotation":0,"texture":"#0","tintindex":0},"down":{"uv":[6.75,8.125,5.75,8.375],"rotation":0,"texture":"#0","tintindex":0}}}],"display":{"head":{"translation":[0.0,-6.4,0.0],"scale":[4.0,4.0,4.0]}}}