{"textures":{"0":"modelengine:entity/demonchest"},"elements":[{"from":[9.273599,10.602256,1.0670385],"to":[13.985599,13.436542,8.259039],"rotation":{"angle":-45.0,"axis":"z","origin":[8.011094,9.363986,4.9110384]},"faces":{"east":{"uv":[8.625,0.625,9.90625,1.15625],"rotation":0,"texture":"#0","tintindex":0},"south":{"uv":[6.25,9.375,7.09375,9.90625],"rotation":0,"texture":"#0","tintindex":0},"north":{"uv":[4.125,9.5,4.96875,10.03125],"rotation":0,"texture":"#0","tintindex":0},"west":{"uv":[8.625,1.25,9.90625,1.78125],"rotation":0,"texture":"#0","tintindex":0},"up":{"uv":[7.84375,1.90625,7.0,0.625],"rotation":0,"texture":"#0","tintindex":0},"down":{"uv":[7.84375,2.0,7.0,3.28125],"rotation":0,"texture":"#0","tintindex":0}}},{"from":[8.253356,6.390369,1.049324],"to":[12.256784,9.7560835,8.276753],"rotation":{"angle":22.5,"axis":"z","origin":[8.011094,9.363986,4.9110384]},"faces":{"east":{"uv":[8.125,5.625,9.40625,6.21875],"rotation":0,"texture":"#0","tintindex":0},"south":{"uv":[0.75,9.625,1.46875,10.21875],"rotation":0,"texture":"#0","tintindex":0},"north":{"uv":[9.5,6.25,10.21875,6.84375],"rotation":0,"texture":"#0","tintindex":0},"west":{"uv":[8.125,6.25,9.40625,6.84375],"rotation":0,"texture":"#0","tintindex":0},"up":{"uv":[0.71875,8.78125,0.0,7.5],"rotation":0,"texture":"#0","tintindex":0},"down":{"uv":[8.34375,7.375,7.625,8.65625],"rotation":0,"texture":"#0","tintindex":0}}},{"from":[7.571217,8.138717,-0.36781883],"to":[14.408932,10.441574,9.162468],"rotation":{"angle":-22.5,"axis":"z","origin":[8.011094,9.363986,4.9110384]},"faces":{"east":{"uv":[8.375,7.875,10.0625,8.28125],"rotation":0,"texture":"#0","tintindex":0},"south":{"uv":[7.34375,8.875,6.125,9.28125],"rotation":0,"texture":"#0","tintindex":0},"north":{"uv":[6.125,8.875,7.34375,9.28125],"rotation":0,"texture":"#0","tintindex":0},"west":{"uv":[8.375,8.375,10.0625,8.78125],"rotation":0,"texture":"#0","tintindex":0},"up":{"uv":[5.5,7.28125,6.71875,5.625],"rotation":0,"texture":"#0","tintindex":0},"down":{"uv":[5.46875,5.625,4.25,7.3125],"rotation":0,"texture":"#0","tintindex":0}}},{"from":[5.0312285,9.874136,1.9347134],"to":[10.345514,10.582707,7.2489996],"rotation":{"angle":-45.0,"axis":"y","origin":[8.011094,9.363986,4.9110384]},"faces":{"east":{"uv":[10.5,8.75,11.40625,8.875],"rotation":0,"texture":"#0","tintindex":0},"south":{"uv":[10.5,4.5,11.46875,4.625],"rotation":0,"texture":"#0","tintindex":0},"north":{"uv":[10.5,0.5,11.46875,0.625],"rotation":0,"texture":"#0","tintindex":0},"west":{"uv":[10.625,3.25,11.53125,3.375],"rotation":0,"texture":"#0","tintindex":0},"up":{"uv":[1.6875,9.03125,0.78125,8.125],"rotation":0,"texture":"#0","tintindex":0},"down":{"uv":[2.71875,8.125,1.75,9.03125],"rotation":0,"texture":"#0","tintindex":0}}},{"from":[3.7654037,6.390369,1.049324],"to":[7.768832,9.7560835,8.276753],"rotation":{"angle":-22.5,"axis":"z","origin":[8.011094,9.363986,4.9110384]},"faces":{"east":{"uv":[8.25,3.875,9.53125,4.46875],"rotation":0,"texture":"#0","tintindex":0},"south":{"uv":[1.46875,9.625,0.75,10.21875],"rotation":0,"texture":"#0","tintindex":0},"north":{"uv":[0.75,9.625,1.46875,10.21875],"rotation":0,"texture":"#0","tintindex":0},"west":{"uv":[8.25,4.5,9.53125,5.09375],"rotation":0,"texture":"#0","tintindex":0},"up":{"uv":[8.59375,1.90625,7.875,0.625],"rotation":0,"texture":"#0","tintindex":0},"down":{"uv":[8.59375,2.0,7.875,3.28125],"rotation":0,"texture":"#0","tintindex":0}}},{"from":[1.6132565,8.138717,-0.33238983],"to":[8.450971,10.441574,9.144753],"rotation":{"angle":22.5,"axis":"z","origin":[8.011094,9.363986,4.9110384]},"faces":{"east":{"uv":[8.625,1.875,10.28125,2.28125],"rotation":0,"texture":"#0","tintindex":0},"south":{"uv":[6.125,8.875,7.34375,9.28125],"rotation":0,"texture":"#0","tintindex":0},"north":{"uv":[7.34375,8.875,6.125,9.28125],"rotation":0,"texture":"#0","tintindex":0},"west":{"uv":[10.0625,7.875,8.375,8.28125],"rotation":0,"texture":"#0","tintindex":0},"up":{"uv":[6.71875,7.28125,5.5,5.625],"rotation":0,"texture":"#0","tintindex":0},"down":{"uv":[4.25,5.625,5.46875,7.3125],"rotation":0,"texture":"#0","tintindex":0}}},{"from":[3.636941,6.229666,-0.33238983],"to":[12.352369,6.229666,9.144753],"rotation":{"angle":0.0,"axis":"y","origin":[6.914084,4.227952,4.4061813]},"faces":{"east":{"uv":[8.625,1.875,10.28125,2.28125],"rotation":0,"texture":"#0","tintindex":0},"south":{"uv":[6.125,8.875,7.34375,9.28125],"rotation":0,"texture":"#0","tintindex":0},"north":{"uv":[7.34375,8.875,6.125,9.28125],"rotation":0,"texture":"#0","tintindex":0},"west":{"uv":[10.0625,7.875,8.375,8.28125],"rotation":0,"texture":"#0","tintindex":0},"up":{"uv":[14.1375,4.890625,16.0,3.21875],"rotation":0,"texture":"#0","tintindex":0},"down":{"uv":[14.1375,1.671875,16.0,0.0],"rotation":0,"texture":"#0","tintindex":0}}},{"from":[5.8887196,7.1478567,-1.0586758],"to":[8.723005,9.982142,9.569896],"rotation":{"angle":45.0,"axis":"z","origin":[8.011094,9.363986,4.9110384]},"faces":{"east":{"uv":[6.5,3.375,8.375,3.875],"rotation":0,"texture":"#0","tintindex":0},"south":{"uv":[6.5,0.625,7.0,1.125],"rotation":0,"texture":"#0","tintindex":0},"north":{"uv":[6.25,5.125,6.75,5.625],"rotation":0,"texture":"#0","tintindex":0},"west":{"uv":[8.375,3.375,6.5,3.875],"rotation":0,"texture":"#0","tintindex":0},"up":{"uv":[8.375,3.375,6.5,3.875],"rotation":90,"texture":"#0","tintindex":0},"down":{"uv":[6.5,3.375,8.375,3.875],"rotation":90,"texture":"#0","tintindex":0}}},{"from":[4.620496,6.969165,-0.5272474],"to":[11.70621,9.803451,-0.5272474],"rotation":{"angle":0.0,"axis":"y","origin":[9.580496,9.803451,4.2556105]},"faces":{"east":{"uv":[6.5,3.375,8.375,3.875],"rotation":0,"texture":"#0","tintindex":0},"south":{"uv":[13.59375,5.125,12.34375,5.625],"rotation":0,"texture":"#0","tintindex":0},"north":{"uv":[12.34375,5.125,13.59375,5.625],"rotation":0,"texture":"#0","tintindex":0},"west":{"uv":[8.375,3.375,6.5,3.875],"rotation":0,"texture":"#0","tintindex":0},"up":{"uv":[8.375,3.375,6.5,3.875],"rotation":90,"texture":"#0","tintindex":0},"down":{"uv":[6.5,3.375,8.375,3.875],"rotation":90,"texture":"#0","tintindex":0}}},{"from":[4.620496,6.969165,-0.5272474],"to":[11.70621,9.803451,-0.5272474],"rotation":{"angle":45.0,"axis":"z","origin":[8.163353,8.386308,-0.5272474]},"faces":{"east":{"uv":[6.5,3.375,8.375,3.875],"rotation":0,"texture":"#0","tintindex":0},"south":{"uv":[13.59375,5.125,12.34375,5.625],"rotation":0,"texture":"#0","tintindex":0},"north":{"uv":[12.34375,5.125,13.59375,5.625],"rotation":0,"texture":"#0","tintindex":0},"west":{"uv":[8.375,3.375,6.5,3.875],"rotation":0,"texture":"#0","tintindex":0},"up":{"uv":[8.375,3.375,6.5,3.875],"rotation":90,"texture":"#0","tintindex":0},"down":{"uv":[6.5,3.375,8.375,3.875],"rotation":90,"texture":"#0","tintindex":0}}},{"from":[4.797639,6.969165,-0.5272474],"to":[11.883353,9.803451,-0.5272474],"rotation":{"angle":-45.0,"axis":"z","origin":[8.163353,8.386308,-0.5272474]},"faces":{"east":{"uv":[6.5,3.375,8.375,3.875],"rotation":0,"texture":"#0","tintindex":0},"south":{"uv":[13.59375,5.125,12.34375,5.625],"rotation":0,"texture":"#0","tintindex":0},"north":{"uv":[12.34375,5.125,13.59375,5.625],"rotation":0,"texture":"#0","tintindex":0},"west":{"uv":[8.375,3.375,6.5,3.875],"rotation":0,"texture":"#0","tintindex":0},"up":{"uv":[8.375,3.375,6.5,3.875],"rotation":90,"texture":"#0","tintindex":0},"down":{"uv":[6.5,3.375,8.375,3.875],"rotation":90,"texture":"#0","tintindex":0}}},{"from":[6.5796294,4.8219595,-0.5272474],"to":[9.413916,11.907674,-0.5272474],"rotation":{"angle":0.0,"axis":"y","origin":[2.0093436,2.3242445,-0.5272474]},"faces":{"east":{"uv":[6.5,3.375,8.375,3.875],"rotation":0,"texture":"#0","tintindex":0},"south":{"uv":[13.59375,5.125,12.34375,5.625],"rotation":270,"texture":"#0","tintindex":0},"north":{"uv":[12.34375,5.125,13.59375,5.625],"rotation":90,"texture":"#0","tintindex":0},"west":{"uv":[8.375,3.375,6.5,3.875],"rotation":0,"texture":"#0","tintindex":0},"up":{"uv":[6.5,3.375,8.375,3.875],"rotation":270,"texture":"#0","tintindex":0},"down":{"uv":[8.375,3.375,6.5,3.875],"rotation":270,"texture":"#0","tintindex":0}}},{"from":[5.180148,6.4392853,-0.38553238],"to":[8.014434,9.273571,0.3584671],"rotation":{"angle":45.0,"axis":"z","origin":[8.011094,9.363986,4.9110384]},"faces":{"east":{"uv":[10.0,7.25,10.5,7.75],"rotation":0,"texture":"#0","tintindex":0},"south":{"uv":[3.625,10.125,4.125,10.625],"rotation":0,"texture":"#0","tintindex":0},"north":{"uv":[10.0,3.375,10.5,3.875],"rotation":0,"texture":"#0","tintindex":0},"west":{"uv":[4.125,10.125,4.625,10.625],"rotation":0,"texture":"#0","tintindex":0},"up":{"uv":[7.5,10.625,7.0,10.125],"rotation":0,"texture":"#0","tintindex":0},"down":{"uv":[10.625,7.75,10.125,8.25],"rotation":0,"texture":"#0","tintindex":0}}},{"from":[2.0365891,10.602256,1.0670385],"to":[6.748589,13.436542,8.259039],"rotation":{"angle":45.0,"axis":"z","origin":[8.011094,9.363986,4.9110384]},"faces":{"east":{"uv":[6.125,8.25,7.40625,8.78125],"rotation":0,"texture":"#0","tintindex":0},"south":{"uv":[7.09375,9.375,6.25,9.90625],"rotation":0,"texture":"#0","tintindex":0},"north":{"uv":[6.25,9.375,7.09375,9.90625],"rotation":0,"texture":"#0","tintindex":0},"west":{"uv":[9.90625,0.625,8.625,1.15625],"rotation":0,"texture":"#0","tintindex":0},"up":{"uv":[4.21875,7.78125,3.375,6.5],"rotation":0,"texture":"#0","tintindex":0},"down":{"uv":[7.59375,6.875,6.75,8.15625],"rotation":0,"texture":"#0","tintindex":0}}},{"from":[3.8673081,6.4496307,8.4184675],"to":[12.122166,8.22106,9.127039],"rotation":{"angle":0.0,"axis":"y","origin":[8.011094,9.363986,4.9110384]},"faces":{"east":{"uv":[3.25,7.375,3.375,7.6875],"rotation":0,"texture":"#0","tintindex":0},"south":{"uv":[8.25,9.375,9.71875,9.6875],"rotation":0,"texture":"#0","tintindex":0},"north":{"uv":[4.5,3.875,5.96875,4.1875],"rotation":0,"texture":"#0","tintindex":0},"west":{"uv":[7.5,8.25,7.625,8.5625],"rotation":0,"texture":"#0","tintindex":0},"up":{"uv":[11.84375,1.5,10.375,1.375],"rotation":0,"texture":"#0","tintindex":0},"down":{"uv":[11.84375,5.75,10.375,5.875],"rotation":0,"texture":"#0","tintindex":0}}},{"from":[10.710793,11.109235,2.4841814],"to":[14.359936,12.526378,6.841896],"rotation":{"angle":-22.5,"axis":"z","origin":[8.011094,9.363986,4.9110384]},"faces":{"east":{"uv":[3.25,7.875,4.03125,8.125],"rotation":0,"texture":"#0","tintindex":0},"south":{"uv":[0.65625,8.875,0.0,9.125],"rotation":0,"texture":"#0","tintindex":0},"north":{"uv":[0.0,8.875,0.65625,9.125],"rotation":0,"texture":"#0","tintindex":0},"west":{"uv":[10.25,6.625,11.03125,6.875],"rotation":0,"texture":"#0","tintindex":0},"up":{"uv":[3.90625,9.40625,3.25,8.625],"rotation":0,"texture":"#0","tintindex":0},"down":{"uv":[4.65625,8.625,4.0,9.40625],"rotation":0,"texture":"#0","tintindex":0}}},{"from":[1.6622524,11.109235,2.4841814],"to":[5.311395,12.526378,6.841896],"rotation":{"angle":22.5,"axis":"z","origin":[8.011094,9.363986,4.9110384]},"faces":{"east":{"uv":[10.375,2.625,11.15625,2.875],"rotation":0,"texture":"#0","tintindex":0},"south":{"uv":[0.0,8.875,0.65625,9.125],"rotation":0,"texture":"#0","tintindex":0},"north":{"uv":[10.5,8.25,11.15625,8.5],"rotation":0,"texture":"#0","tintindex":0},"west":{"uv":[10.375,5.5,11.15625,5.75],"rotation":0,"texture":"#0","tintindex":0},"up":{"uv":[5.40625,9.40625,4.75,8.625],"rotation":0,"texture":"#0","tintindex":0},"down":{"uv":[8.15625,8.75,7.5,9.53125],"rotation":0,"texture":"#0","tintindex":0}}}],"display":{"head":{"translation":[0.0,-6.4,0.0],"scale":[4.0,4.0,4.0]}}}