{"textures":{"0":"modelengine:entity/bossdemon"},"elements":[{"from":[3.3220906,10.935235,4.981097],"to":[12.602091,16.735235,11.609669],"rotation":{"angle":0.0,"axis":"y","origin":[7.133519,13.411638,-1.445715]},"faces":{"east":{"uv":[5.9375,5.9375,6.4375,6.375],"rotation":0,"texture":"#0","tintindex":0},"south":{"uv":[3.1875,5.25,3.890625,5.6875],"rotation":0,"texture":"#0","tintindex":0},"north":{"uv":[5.25,2.1875,5.953125,2.625],"rotation":0,"texture":"#0","tintindex":0},"west":{"uv":[6.0,1.0,6.5,1.4375],"rotation":0,"texture":"#0","tintindex":0},"up":{"uv":[5.953125,1.6875,5.25,1.1875],"rotation":0,"texture":"#0","tintindex":0},"down":{"uv":[5.953125,1.6875,5.25,2.1875],"rotation":0,"texture":"#0","tintindex":0}}},{"from":[4.9955196,12.696466,4.9845505],"to":[7.481234,16.839325,11.364551],"rotation":{"angle":45.0,"axis":"z","origin":[11.292663,11.864375,-1.5285711]},"faces":{"east":{"uv":[6.8125,4.25,7.296875,4.5625],"rotation":0,"texture":"#0","tintindex":0},"south":{"uv":[8.0,5.1875,8.1875,5.5],"rotation":0,"texture":"#0","tintindex":0},"north":{"uv":[7.5625,7.9375,7.75,8.25],"rotation":0,"texture":"#0","tintindex":0},"west":{"uv":[6.8125,5.625,7.296875,5.9375],"rotation":0,"texture":"#0","tintindex":0},"up":{"uv":[7.8125,6.296875,7.625,5.8125],"rotation":0,"texture":"#0","tintindex":0},"down":{"uv":[7.875,1.25,7.6875,1.734375],"rotation":0,"texture":"#0","tintindex":0}}},{"from":[6.2635193,8.035234,4.9016933],"to":[9.660663,10.935235,11.530265],"rotation":{"angle":0.0,"axis":"y","origin":[3.7742853,14.297144,-1.445715]},"faces":{"east":{"uv":[7.1875,4.5625,7.6875,4.78125],"rotation":0,"texture":"#0","tintindex":0},"south":{"uv":[8.0625,5.875,8.3125,6.09375],"rotation":0,"texture":"#0","tintindex":0},"north":{"uv":[8.0625,5.625,8.3125,5.84375],"rotation":0,"texture":"#0","tintindex":0},"west":{"uv":[1.4375,7.375,1.9375,7.59375],"rotation":0,"texture":"#0","tintindex":0},"up":{"uv":[7.3125,1.8125,7.0625,1.3125],"rotation":0,"texture":"#0","tintindex":0},"down":{"uv":[7.3125,5.9375,7.0625,6.4375],"rotation":0,"texture":"#0","tintindex":0}}},{"from":[8.442947,12.696466,4.9845505],"to":[10.928661,16.839325,11.364551],"rotation":{"angle":-45.0,"axis":"z","origin":[4.6315184,11.864375,-1.5285711]},"faces":{"east":{"uv":[6.875,2.0,7.359375,2.3125],"rotation":0,"texture":"#0","tintindex":0},"south":{"uv":[7.9375,8.0,8.125,8.3125],"rotation":0,"texture":"#0","tintindex":0},"north":{"uv":[7.75,8.0,7.9375,8.3125],"rotation":0,"texture":"#0","tintindex":0},"west":{"uv":[6.875,2.3125,7.359375,2.625],"rotation":0,"texture":"#0","tintindex":0},"up":{"uv":[7.9375,0.484375,7.75,0.0],"rotation":0,"texture":"#0","tintindex":0},"down":{"uv":[7.9375,6.75,7.75,7.234375],"rotation":0,"texture":"#0","tintindex":0}}},{"from":[5.434948,-2.404766,5.0674076],"to":[10.489234,9.60952,5.0674076],"rotation":{"angle":0.0,"axis":"y","origin":[3.7742853,14.297144,-1.445715]},"faces":{"east":{"uv":[0.0,0.0,0.0,0.90625],"rotation":0,"texture":"#0","tintindex":0},"south":{"uv":[2.8125,5.25,2.4375,6.15625],"rotation":0,"texture":"#0","tintindex":0},"north":{"uv":[2.4375,5.25,2.8125,6.15625],"rotation":0,"texture":"#0","tintindex":0},"west":{"uv":[0.0,0.0,0.0,0.90625],"rotation":0,"texture":"#0","tintindex":0},"up":{"uv":[0.375,0.0,0.0,0.0],"rotation":0,"texture":"#0","tintindex":0},"down":{"uv":[0.375,0.0,0.0,0.0],"rotation":0,"texture":"#0","tintindex":0}}}],"display":{"head":{"translation":[0.0,-6.4,0.0],"scale":[4.0,4.0,4.0]}}}