{"textures":{"0":"modelengine:entity/bossdemon"},"elements":[{"from":[6.1771426,3.608571,5.68],"to":[10.485714,8.0,10.485714],"rotation":{"angle":0.0,"axis":"y","origin":[25.482857,0.12857151,12.971429]},"faces":{"east":{"uv":[7.1875,0.875,7.546875,1.203125],"rotation":0,"texture":"#0","tintindex":0},"south":{"uv":[6.4375,7.4375,6.765625,7.765625],"rotation":0,"texture":"#0","tintindex":0},"north":{"uv":[7.4375,6.375,7.765625,6.703125],"rotation":0,"texture":"#0","tintindex":0},"west":{"uv":[7.1875,6.8125,7.546875,7.140625],"rotation":0,"texture":"#0","tintindex":0},"up":{"uv":[7.515625,7.546875,7.1875,7.1875],"rotation":0,"texture":"#0","tintindex":0},"down":{"uv":[7.578125,2.875,7.25,3.234375],"rotation":0,"texture":"#0","tintindex":0}}}],"display":{"head":{"translation":[0.0,-6.4,0.0],"scale":[4.0,4.0,4.0]}}}