{"textures":{"0":"modelengine:entity/bossdemon"},"elements":[{"from":[6.0656743,1.371428,5.5142856],"to":[9.877103,6.5914288,10.154285],"rotation":{"angle":0.0,"axis":"y","origin":[25.400002,-6.500001,12.805715]},"faces":{"east":{"uv":[0.0,7.0,0.34375,7.390625],"rotation":0,"texture":"#0","tintindex":0},"south":{"uv":[7.3125,5.9375,7.59375,6.328125],"rotation":0,"texture":"#0","tintindex":0},"north":{"uv":[7.3125,5.5,7.59375,5.890625],"rotation":0,"texture":"#0","tintindex":0},"west":{"uv":[4.8125,7.0,5.15625,7.390625],"rotation":0,"texture":"#0","tintindex":0},"up":{"uv":[7.84375,1.21875,7.5625,0.875],"rotation":0,"texture":"#0","tintindex":0},"down":{"uv":[7.40625,7.5625,7.125,7.90625],"rotation":0,"texture":"#0","tintindex":0}}},{"from":[-0.61714363,3.0285711,8.0],"to":[6.5085716,8.248571,8.0],"rotation":{"angle":0.0,"axis":"y","origin":[25.400002,-6.500001,12.805715]},"faces":{"east":{"uv":[0.0,0.0,0.0,0.390625],"rotation":0,"texture":"#0","tintindex":0},"south":{"uv":[6.71875,3.6875,6.1875,4.078125],"rotation":0,"texture":"#0","tintindex":0},"north":{"uv":[6.1875,3.6875,6.71875,4.078125],"rotation":0,"texture":"#0","tintindex":0},"west":{"uv":[0.0,0.0,0.0,0.390625],"rotation":0,"texture":"#0","tintindex":0},"up":{"uv":[0.53125,0.0,0.0,0.0],"rotation":0,"texture":"#0","tintindex":0},"down":{"uv":[0.53125,0.0,0.0,0.0],"rotation":0,"texture":"#0","tintindex":0}}},{"from":[6.2313886,1.371428,5.928571],"to":[9.711389,8.248571,9.905714],"rotation":{"angle":0.0,"axis":"y","origin":[25.400002,-6.500001,12.805715]},"faces":{"east":{"uv":[6.875,0.75,7.171875,1.265625],"rotation":0,"texture":"#0","tintindex":0},"south":{"uv":[6.875,6.875,7.140625,7.390625],"rotation":0,"texture":"#0","tintindex":0},"north":{"uv":[6.5625,6.875,6.828125,7.390625],"rotation":0,"texture":"#0","tintindex":0},"west":{"uv":[1.125,6.875,1.421875,7.390625],"rotation":0,"texture":"#0","tintindex":0},"up":{"uv":[3.890625,8.109375,3.625,7.8125],"rotation":0,"texture":"#0","tintindex":0},"down":{"uv":[8.078125,3.625,7.8125,3.921875],"rotation":0,"texture":"#0","tintindex":0}}}],"display":{"head":{"translation":[0.0,-6.4,0.0],"scale":[4.0,4.0,4.0]}}}