{"textures":{"0":"modelengine:entity/bossdemon"},"elements":[{"from":[6.1141715,6.1600814,3.5246906],"to":[9.454971,8.387281,10.429011],"rotation":{"angle":0.0,"axis":"y","origin":[8.898171,31.768152,-5.897106]},"faces":{"east":{"uv":[8.1875,2.4375,8.578125,2.5625],"rotation":0,"texture":"#0","tintindex":0},"south":{"uv":[8.375,2.6875,8.5625,2.8125],"rotation":0,"texture":"#0","tintindex":0},"north":{"uv":[8.375,2.5625,8.5625,2.6875],"rotation":0,"texture":"#0","tintindex":0},"west":{"uv":[8.1875,4.625,8.578125,4.75],"rotation":0,"texture":"#0","tintindex":0},"up":{"uv":[5.0625,7.8125,4.875,8.203125],"rotation":0,"texture":"#0","tintindex":0},"down":{"uv":[5.0625,7.8125,4.875,8.203125],"rotation":0,"texture":"#0","tintindex":0}}}],"display":{"head":{"translation":[0.0,-6.4,0.0],"scale":[4.0,4.0,4.0]}}}