{"textures":{"0":"modelengine:entity/bossdemon"},"elements":[{"from":[6.906286,0.7445383,7.0331936],"to":[9.690286,8.168539,10.930794],"rotation":{"angle":0.0,"axis":"y","origin":[7.3702855,20.228598,-3.6023045]},"faces":{"east":{"uv":[7.0,5.0625,7.265625,5.5625],"rotation":0,"texture":"#0","tintindex":0},"south":{"uv":[0.3125,7.625,0.5,8.125],"rotation":0,"texture":"#0","tintindex":0},"north":{"uv":[7.5625,7.4375,7.75,7.9375],"rotation":0,"texture":"#0","tintindex":0},"west":{"uv":[5.5,7.0,5.765625,7.5],"rotation":0,"texture":"#0","tintindex":0},"up":{"uv":[3.0,8.390625,2.8125,8.125],"rotation":0,"texture":"#0","tintindex":0},"down":{"uv":[3.5,8.125,3.3125,8.390625],"rotation":0,"texture":"#0","tintindex":0}}},{"from":[6.7206855,10.147387,6.8475895],"to":[9.875886,11.539386,11.30199],"rotation":{"angle":22.5,"axis":"x","origin":[7.3702855,6.802644,-10.655109]},"faces":{"east":{"uv":[1.125,6.1875,1.421875,6.28125],"rotation":0,"texture":"#0","tintindex":0},"south":{"uv":[7.0625,8.375,7.28125,8.46875],"rotation":0,"texture":"#0","tintindex":0},"north":{"uv":[5.75,8.375,5.96875,8.46875],"rotation":0,"texture":"#0","tintindex":0},"west":{"uv":[6.25,5.125,6.546875,5.21875],"rotation":0,"texture":"#0","tintindex":0},"up":{"uv":[8.09375,1.546875,7.875,1.25],"rotation":0,"texture":"#0","tintindex":0},"down":{"uv":[2.15625,7.875,1.9375,8.171875],"rotation":0,"texture":"#0","tintindex":0}}},{"from":[6.627886,0.4059,-0.53596115],"to":[9.968686,2.7258997,0.8560386],"rotation":{"angle":-22.5,"axis":"x","origin":[7.3702855,20.228598,-3.880704]},"faces":{"east":{"uv":[8.4375,7.625,8.53125,7.78125],"rotation":0,"texture":"#0","tintindex":0},"south":{"uv":[8.1875,7.625,8.40625,7.78125],"rotation":0,"texture":"#0","tintindex":0},"north":{"uv":[8.1875,7.4375,8.40625,7.59375],"rotation":0,"texture":"#0","tintindex":0},"west":{"uv":[8.4375,7.8125,8.53125,7.96875],"rotation":0,"texture":"#0","tintindex":0},"up":{"uv":[8.59375,8.40625,8.375,8.3125],"rotation":0,"texture":"#0","tintindex":0},"down":{"uv":[0.46875,8.4375,0.25,8.53125],"rotation":0,"texture":"#0","tintindex":0}}}],"display":{"head":{"translation":[0.0,-6.4,0.0],"scale":[4.0,4.0,4.0]}}}