{"textures":{"0":"modelengine:entity/bossdemon"},"elements":[{"from":[6.122897,1.371428,5.5142856],"to":[9.934325,6.5914288,10.154285],"rotation":{"angle":0.0,"axis":"y","origin":[-9.400002,-6.500001,12.805715]},"faces":{"east":{"uv":[1.4375,6.9375,1.78125,7.328125],"rotation":0,"texture":"#0","tintindex":0},"south":{"uv":[7.3125,5.0625,7.59375,5.453125],"rotation":0,"texture":"#0","tintindex":0},"north":{"uv":[7.3125,4.0625,7.59375,4.453125],"rotation":0,"texture":"#0","tintindex":0},"west":{"uv":[1.8125,6.9375,2.15625,7.328125],"rotation":0,"texture":"#0","tintindex":0},"up":{"uv":[7.78125,3.96875,7.5,3.625],"rotation":0,"texture":"#0","tintindex":0},"down":{"uv":[6.40625,7.5,6.125,7.84375],"rotation":0,"texture":"#0","tintindex":0}}},{"from":[9.491428,3.0285711,8.0],"to":[16.617144,8.248571,8.0],"rotation":{"angle":0.0,"axis":"y","origin":[-9.400002,-6.500001,12.805715]},"faces":{"east":{"uv":[0.0,0.0,0.0,0.390625],"rotation":0,"texture":"#0","tintindex":0},"south":{"uv":[1.09375,6.1875,0.5625,6.578125],"rotation":0,"texture":"#0","tintindex":0},"north":{"uv":[0.5625,6.1875,1.09375,6.578125],"rotation":0,"texture":"#0","tintindex":0},"west":{"uv":[0.0,0.0,0.0,0.390625],"rotation":0,"texture":"#0","tintindex":0},"up":{"uv":[0.53125,0.0,0.0,0.0],"rotation":0,"texture":"#0","tintindex":0},"down":{"uv":[0.53125,0.0,0.0,0.0],"rotation":0,"texture":"#0","tintindex":0}}},{"from":[6.2886114,1.371428,5.928571],"to":[9.768611,8.248571,9.905714],"rotation":{"angle":0.0,"axis":"y","origin":[-9.400002,-6.500001,12.805715]},"faces":{"east":{"uv":[5.625,6.4375,5.921875,6.953125],"rotation":0,"texture":"#0","tintindex":0},"south":{"uv":[5.1875,6.875,5.453125,7.390625],"rotation":0,"texture":"#0","tintindex":0},"north":{"uv":[4.5,6.875,4.765625,7.390625],"rotation":0,"texture":"#0","tintindex":0},"west":{"uv":[6.75,0.1875,7.046875,0.703125],"rotation":0,"texture":"#0","tintindex":0},"up":{"uv":[1.140625,8.109375,0.875,7.8125],"rotation":0,"texture":"#0","tintindex":0},"down":{"uv":[3.578125,7.8125,3.3125,8.109375],"rotation":0,"texture":"#0","tintindex":0}}}],"display":{"head":{"translation":[0.0,-6.4,0.0],"scale":[4.0,4.0,4.0]}}}