{"textures":{"0":"modelengine:entity/toffy_crate_creature"},"elements":[{"from":[7.714286,6.857143,7.714286],"to":[8.285714,9.142858,8.285714],"rotation":{"angle":0.0,"axis":"y","origin":[8.0,2.8571424,13.428572]},"faces":{"east":{"uv":[8.625,13.0,8.75,13.5],"rotation":0,"texture":"#0","tintindex":0},"south":{"uv":[11.375,13.0,11.5,13.5],"rotation":0,"texture":"#0","tintindex":0},"north":{"uv":[10.75,8.375,10.875,8.875],"rotation":0,"texture":"#0","tintindex":0},"west":{"uv":[13.0,11.375,13.125,11.875],"rotation":0,"texture":"#0","tintindex":0},"up":{"uv":[6.875,13.625,6.75,13.5],"rotation":0,"texture":"#0","tintindex":0},"down":{"uv":[7.125,13.5,7.0,13.625],"rotation":0,"texture":"#0","tintindex":0}}}],"display":{"head":{"translation":[0.0,-6.4,0.0],"scale":[4.0,4.0,4.0]}}}