{"textures":{"0":"modelengine:entity/toffy_crate_creature"},"elements":[{"from":[7.808122,5.0,7.665265],"to":[9.522408,8.428572,9.379551],"rotation":{"angle":45.0,"axis":"y","origin":[8.142858,7.857143,8.0]},"faces":{"east":{"uv":[10.125,11.0,10.5,11.75],"rotation":0,"texture":"#0","tintindex":0},"south":{"uv":[10.625,11.0,11.0,11.75],"rotation":0,"texture":"#0","tintindex":0},"north":{"uv":[9.625,11.0,10.0,11.75],"rotation":0,"texture":"#0","tintindex":0},"west":{"uv":[0.0,11.125,0.375,11.875],"rotation":0,"texture":"#0","tintindex":0},"up":{"uv":[2.25,13.125,1.875,12.75],"rotation":0,"texture":"#0","tintindex":0},"down":{"uv":[2.75,12.75,2.375,13.125],"rotation":0,"texture":"#0","tintindex":0}}},{"from":[8.285714,3.8571424,7.0],"to":[9.428572,10.142858,8.142858],"rotation":{"angle":45.0,"axis":"y","origin":[9.285714,4.428571,8.0]},"faces":{"east":{"uv":[5.25,10.5,5.5,11.875],"rotation":0,"texture":"#0","tintindex":0},"south":{"uv":[6.375,10.5,6.625,11.875],"rotation":0,"texture":"#0","tintindex":0},"north":{"uv":[4.875,10.5,5.125,11.875],"rotation":0,"texture":"#0","tintindex":0},"west":{"uv":[6.75,10.5,7.0,11.875],"rotation":0,"texture":"#0","tintindex":0},"up":{"uv":[13.375,10.25,13.125,10.0],"rotation":0,"texture":"#0","tintindex":0},"down":{"uv":[13.375,10.375,13.125,10.625],"rotation":0,"texture":"#0","tintindex":0}}}],"display":{"head":{"translation":[0.0,-6.4,0.0],"scale":[4.0,4.0,4.0]}}}