{"textures":{"0":"modelengine:entity/crate5"},"elements":[{"from":[7.713143,13.856001,6.570286],"to":[12.286858,16.144001,8.858286],"rotation":{"angle":0.0,"axis":"y","origin":[9.714286,15.0,7.714286]},"faces":{"east":{"uv":[4.0,14.625,4.5,15.125],"rotation":0,"texture":"#0","tintindex":0},"south":{"uv":[1.0,11.875,0.0,12.375],"rotation":0,"texture":"#0","tintindex":0},"north":{"uv":[1.0,11.875,0.0,12.375],"rotation":0,"texture":"#0","tintindex":0},"west":{"uv":[15.125,11.25,14.625,11.75],"rotation":0,"texture":"#0","tintindex":0},"up":{"uv":[12.875,2.0,11.875,2.5],"rotation":0,"texture":"#0","tintindex":0},"down":{"uv":[12.875,2.5,11.875,2.0],"rotation":0,"texture":"#0","tintindex":0}}},{"from":[6.790105,6.5714283,6.043497],"to":[9.647247,9.428572,8.9006405],"rotation":{"angle":-22.5,"axis":"z","origin":[8.218677,8.0,7.472069]},"faces":{"east":{"uv":[12.875,1.875,13.5,2.5],"rotation":0,"texture":"#0","tintindex":0},"south":{"uv":[13.625,1.875,13.0,2.5],"rotation":0,"texture":"#0","tintindex":0},"north":{"uv":[13.5,1.875,12.875,2.5],"rotation":0,"texture":"#0","tintindex":0},"west":{"uv":[12.875,1.875,13.5,2.5],"rotation":0,"texture":"#0","tintindex":0},"up":{"uv":[13.375,9.0,12.75,8.375],"rotation":0,"texture":"#0","tintindex":0},"down":{"uv":[8.75,13.625,9.375,13.0],"rotation":0,"texture":"#0","tintindex":0}}},{"from":[7.5602527,8.705504,6.3292117],"to":[9.845967,11.562648,8.614926],"rotation":{"angle":0.0,"axis":"y","origin":[9.274539,10.41979,7.472069]},"faces":{"east":{"uv":[5.625,14.25,6.125,14.875],"rotation":0,"texture":"#0","tintindex":0},"south":{"uv":[6.125,14.25,5.625,14.875],"rotation":0,"texture":"#0","tintindex":0},"north":{"uv":[6.125,14.25,5.625,14.875],"rotation":0,"texture":"#0","tintindex":0},"west":{"uv":[5.625,14.25,6.125,14.875],"rotation":0,"texture":"#0","tintindex":0},"up":{"uv":[11.375,14.625,11.875,15.125],"rotation":0,"texture":"#0","tintindex":0},"down":{"uv":[15.125,7.125,14.625,7.625],"rotation":0,"texture":"#0","tintindex":0}}},{"from":[9.274539,8.134076,6.043497],"to":[12.70311,9.848362,8.329212],"rotation":{"angle":0.0,"axis":"y","origin":[9.274539,10.41979,7.472069]},"faces":{"east":{"uv":[2.875,15.0,3.375,15.375],"rotation":0,"texture":"#0","tintindex":0},"south":{"uv":[14.5,3.0,15.25,3.375],"rotation":0,"texture":"#0","tintindex":0},"north":{"uv":[8.625,14.375,9.375,14.75],"rotation":0,"texture":"#0","tintindex":0},"west":{"uv":[3.375,15.0,3.875,15.375],"rotation":0,"texture":"#0","tintindex":0},"up":{"uv":[2.625,13.5,3.375,14.0],"rotation":0,"texture":"#0","tintindex":0},"down":{"uv":[13.5,13.375,12.75,13.875],"rotation":0,"texture":"#0","tintindex":0}}},{"from":[6.9888244,11.276934,6.614926],"to":[8.70311,13.562648,8.329212],"rotation":{"angle":22.5,"axis":"z","origin":[8.70311,12.9912195,7.472069]},"faces":{"east":{"uv":[5.125,15.125,5.5,15.625],"rotation":0,"texture":"#0","tintindex":0},"south":{"uv":[5.5,15.125,5.125,15.625],"rotation":0,"texture":"#0","tintindex":0},"north":{"uv":[5.5,15.125,5.125,15.625],"rotation":0,"texture":"#0","tintindex":0},"west":{"uv":[5.125,15.125,5.5,15.625],"rotation":0,"texture":"#0","tintindex":0},"up":{"uv":[15.5,11.5,15.125,11.125],"rotation":0,"texture":"#0","tintindex":0},"down":{"uv":[11.875,15.125,11.5,15.5],"rotation":0,"texture":"#0","tintindex":0}}},{"from":[5.826613,12.818426,6.9006405],"to":[6.96947,15.104141,8.043497],"rotation":{"angle":45.0,"axis":"z","origin":[7.2551847,14.246998,7.472069]},"faces":{"east":{"uv":[13.875,15.125,14.125,15.625],"rotation":0,"texture":"#0","tintindex":0},"south":{"uv":[14.125,15.125,13.875,15.625],"rotation":0,"texture":"#0","tintindex":0},"north":{"uv":[14.125,15.125,13.875,15.625],"rotation":0,"texture":"#0","tintindex":0},"west":{"uv":[13.875,15.125,14.125,15.625],"rotation":0,"texture":"#0","tintindex":0},"up":{"uv":[7.375,3.875,7.125,3.625],"rotation":0,"texture":"#0","tintindex":0},"down":{"uv":[2.375,10.125,2.125,10.375],"rotation":0,"texture":"#0","tintindex":0}}}],"display":{"head":{"translation":[0.0,-6.4,0.0],"scale":[4.0,4.0,4.0]}}}