{"textures":{"0":"modelengine:entity/crate5"},"elements":[{"from":[5.559658,8.299811,7.0117702],"to":[7.8453727,12.871241,9.297484],"rotation":{"angle":-45.0,"axis":"y","origin":[6.857143,11.684886,8.0]},"faces":{"east":{"uv":[1.0,11.375,1.5,12.375],"rotation":0,"texture":"#0","tintindex":0},"south":{"uv":[4.625,11.375,5.125,12.375],"rotation":0,"texture":"#0","tintindex":0},"north":{"uv":[1.5,11.375,1.0,12.375],"rotation":0,"texture":"#0","tintindex":0},"west":{"uv":[5.125,11.375,4.625,12.375],"rotation":0,"texture":"#0","tintindex":0},"up":{"uv":[14.5,8.25,15.0,7.75],"rotation":0,"texture":"#0","tintindex":0},"down":{"uv":[1.0,14.625,0.5,15.125],"rotation":0,"texture":"#0","tintindex":0}}},{"from":[6.5714283,5.0029297,10.285714],"to":[9.428572,10.145787,12.571428],"rotation":{"angle":-22.5,"axis":"x","origin":[8.0,7.288644,11.714286]},"faces":{"east":{"uv":[3.5,10.25,4.0,11.375],"rotation":0,"texture":"#0","tintindex":0},"south":{"uv":[9.25,1.875,9.875,3.0],"rotation":0,"texture":"#0","tintindex":0},"north":{"uv":[4.0,10.25,3.5,11.375],"rotation":0,"texture":"#0","tintindex":0},"west":{"uv":[4.0,10.25,3.5,11.375],"rotation":0,"texture":"#0","tintindex":0},"up":{"uv":[13.375,14.375,12.75,13.875],"rotation":0,"texture":"#0","tintindex":0},"down":{"uv":[14.0,13.875,13.375,14.375],"rotation":0,"texture":"#0","tintindex":0}}},{"from":[6.570857,7.9700284,4.570857],"to":[9.429143,10.256886,11.429143],"rotation":{"angle":0.0,"axis":"y","origin":[8.0,6.8277426,9.0]},"faces":{"east":{"uv":[8.625,4.125,10.125,4.625],"rotation":0,"texture":"#0","tintindex":0},"south":{"uv":[2.375,14.0,3.0,14.5],"rotation":0,"texture":"#0","tintindex":0},"north":{"uv":[1.75,14.0,2.375,14.5],"rotation":0,"texture":"#0","tintindex":0},"west":{"uv":[8.625,4.125,10.125,4.625],"rotation":0,"texture":"#0","tintindex":0},"up":{"uv":[2.375,9.875,3.0,8.375],"rotation":0,"texture":"#0","tintindex":0},"down":{"uv":[1.25,8.5,0.625,10.0],"rotation":0,"texture":"#0","tintindex":0}}},{"from":[6.352752,8.740153,5.3409815],"to":[11.495609,11.597297,8.198125],"rotation":{"angle":-45.0,"axis":"x","origin":[8.0,11.399172,8.0]},"faces":{"east":{"uv":[4.5,12.375,5.125,13.0],"rotation":0,"texture":"#0","tintindex":0},"south":{"uv":[5.875,9.0,7.0,9.625],"rotation":0,"texture":"#0","tintindex":0},"north":{"uv":[4.75,9.0,3.625,9.625],"rotation":0,"texture":"#0","tintindex":0},"west":{"uv":[5.625,12.375,6.25,13.0],"rotation":0,"texture":"#0","tintindex":0},"up":{"uv":[5.875,9.625,7.0,9.0],"rotation":0,"texture":"#0","tintindex":0},"down":{"uv":[3.625,9.0,4.75,9.625],"rotation":0,"texture":"#0","tintindex":0}}},{"from":[6.5714283,5.0029297,3.4285712],"to":[9.428572,10.145787,5.714286],"rotation":{"angle":22.5,"axis":"x","origin":[8.0,7.288644,4.285714]},"faces":{"east":{"uv":[4.0,10.25,3.5,11.375],"rotation":0,"texture":"#0","tintindex":0},"south":{"uv":[3.5,10.25,4.0,11.375],"rotation":0,"texture":"#0","tintindex":0},"north":{"uv":[9.875,1.875,9.25,3.0],"rotation":0,"texture":"#0","tintindex":0},"west":{"uv":[3.5,10.25,4.0,11.375],"rotation":0,"texture":"#0","tintindex":0},"up":{"uv":[14.625,7.75,14.0,7.25],"rotation":0,"texture":"#0","tintindex":0},"down":{"uv":[14.625,9.25,14.0,9.75],"rotation":0,"texture":"#0","tintindex":0}}}],"display":{"head":{"translation":[0.0,-6.4,0.0],"scale":[4.0,4.0,4.0]}}}