{"textures":{"6":"modelengine:entity/fdefender_sfe_start"},"elements":[{"from":[8.0,0.5999999,-12.0],"to":[8.0,15.4,28.0],"rotation":{"angle":0.0,"axis":"y","origin":[8.0,8.4,27.08]},"faces":{"east":{"uv":[15.21875,0.21875,16.0,2.25],"rotation":90,"texture":"#6","tintindex":0},"south":{"uv":[15.21875,0.21875,16.0,2.25],"rotation":90,"texture":"#6","tintindex":0},"north":{"uv":[15.21875,0.21875,16.0,2.25],"rotation":90,"texture":"#6","tintindex":0},"west":{"uv":[15.21875,0.21875,16.0,2.25],"rotation":90,"texture":"#6","tintindex":0},"up":{"uv":[15.21875,0.21875,16.0,2.25],"rotation":90,"texture":"#6","tintindex":0},"down":{"uv":[15.21875,0.21875,16.0,2.25],"rotation":90,"texture":"#6","tintindex":0}}}],"display":{"head":{"translation":[0.0,-6.4,0.0],"scale":[4.0,4.0,4.0]}}}