{"textures":{"0":"modelengine:entity/crate6"},"elements":[{"from":[7.714286,7.428571,6.857143],"to":[10.0,13.142858,9.142858],"rotation":{"angle":0.0,"axis":"y","origin":[13.428572,6.285714,3.7142854]},"faces":{"east":{"uv":[0.5,10.375,1.0,11.625],"rotation":0,"texture":"#0","tintindex":0},"south":{"uv":[10.75,10.625,11.25,11.875],"rotation":0,"texture":"#0","tintindex":0},"north":{"uv":[11.25,10.625,10.75,11.875],"rotation":0,"texture":"#0","tintindex":0},"west":{"uv":[10.875,0.0,11.375,1.25],"rotation":0,"texture":"#0","tintindex":0},"up":{"uv":[2.875,13.5,2.375,13.0],"rotation":0,"texture":"#0","tintindex":0},"down":{"uv":[3.375,13.0,2.875,13.5],"rotation":0,"texture":"#0","tintindex":0}}},{"from":[7.142857,12.571428,6.5714283],"to":[10.0,14.857143,9.428572],"rotation":{"angle":0.0,"axis":"y","origin":[13.428572,6.285714,3.7142854]},"faces":{"east":{"uv":[3.625,12.75,4.25,13.25],"rotation":0,"texture":"#0","tintindex":0},"south":{"uv":[8.875,12.875,9.5,13.375],"rotation":0,"texture":"#0","tintindex":0},"north":{"uv":[8.875,12.875,9.5,13.375],"rotation":0,"texture":"#0","tintindex":0},"west":{"uv":[8.875,12.875,9.5,13.375],"rotation":0,"texture":"#0","tintindex":0},"up":{"uv":[7.0,13.125,6.375,12.5],"rotation":0,"texture":"#0","tintindex":0},"down":{"uv":[8.25,12.375,7.625,13.0],"rotation":0,"texture":"#0","tintindex":0}}},{"from":[6.428571,6.285714,6.5714283],"to":[9.285714,10.285714,9.428572],"rotation":{"angle":-22.5,"axis":"z","origin":[8.0,8.0,8.0]},"faces":{"east":{"uv":[11.875,2.75,12.5,3.625],"rotation":0,"texture":"#0","tintindex":0},"south":{"uv":[11.875,2.75,12.5,3.625],"rotation":0,"texture":"#0","tintindex":0},"north":{"uv":[11.875,2.75,12.5,3.625],"rotation":0,"texture":"#0","tintindex":0},"west":{"uv":[11.875,2.75,12.5,3.625],"rotation":0,"texture":"#0","tintindex":0},"up":{"uv":[1.25,12.375,0.625,13.0],"rotation":0,"texture":"#0","tintindex":0},"down":{"uv":[1.25,12.375,0.625,13.0],"rotation":0,"texture":"#0","tintindex":0}}}],"display":{"head":{"translation":[0.0,-6.4,0.0],"scale":[4.0,4.0,4.0]}}}