{"textures":{"0":"modelengine:entity/crate6"},"elements":[{"from":[6.5714283,4.759719,10.857143],"to":[9.428572,10.474005,13.142858],"rotation":{"angle":-22.5,"axis":"x","origin":[8.0,5.616862,12.285715]},"faces":{"east":{"uv":[3.375,10.25,2.875,11.5],"rotation":0,"texture":"#0","tintindex":0},"south":{"uv":[6.125,9.625,6.75,10.875],"rotation":0,"texture":"#0","tintindex":0},"north":{"uv":[6.125,9.625,6.75,10.875],"rotation":0,"texture":"#0","tintindex":0},"west":{"uv":[3.375,10.25,2.875,11.5],"rotation":0,"texture":"#0","tintindex":0},"up":{"uv":[4.875,8.0,4.25,7.5],"rotation":0,"texture":"#0","tintindex":0},"down":{"uv":[10.625,0.75,10.0,1.25],"rotation":0,"texture":"#0","tintindex":0}}},{"from":[6.570857,8.146006,4.785143],"to":[9.429143,10.432863,11.214857],"rotation":{"angle":0.0,"axis":"y","origin":[8.0,2.7180052,10.357143]},"faces":{"east":{"uv":[9.75,8.875,11.125,9.375],"rotation":0,"texture":"#0","tintindex":0},"south":{"uv":[12.5,4.0,13.125,4.5],"rotation":0,"texture":"#0","tintindex":0},"north":{"uv":[11.375,6.375,12.0,6.875],"rotation":0,"texture":"#0","tintindex":0},"west":{"uv":[9.75,8.875,11.125,9.375],"rotation":0,"texture":"#0","tintindex":0},"up":{"uv":[5.5,9.875,4.875,8.5],"rotation":0,"texture":"#0","tintindex":0},"down":{"uv":[5.5,9.875,4.875,8.5],"rotation":0,"texture":"#0","tintindex":0}}},{"from":[6.5714283,4.759719,2.8571424],"to":[9.428572,10.474005,5.142857],"rotation":{"angle":22.5,"axis":"x","origin":[8.0,5.616862,3.7142854]},"faces":{"east":{"uv":[3.375,10.25,2.875,11.5],"rotation":0,"texture":"#0","tintindex":0},"south":{"uv":[6.125,9.625,6.75,10.875],"rotation":0,"texture":"#0","tintindex":0},"north":{"uv":[6.125,9.625,6.75,10.875],"rotation":0,"texture":"#0","tintindex":0},"west":{"uv":[3.375,10.25,2.875,11.5],"rotation":0,"texture":"#0","tintindex":0},"up":{"uv":[10.875,13.0,10.25,12.5],"rotation":0,"texture":"#0","tintindex":0},"down":{"uv":[1.875,12.625,1.25,13.125],"rotation":0,"texture":"#0","tintindex":0}}}],"display":{"head":{"translation":[0.0,-6.4,0.0],"scale":[4.0,4.0,4.0]}}}