{"textures":{"0":"modelengine:entity/crate6"},"elements":[{"from":[2.8571424,8.0,6.5714283],"to":[13.142858,10.285714,8.857143],"rotation":{"angle":0.0,"axis":"y","origin":[8.0,-0.57142925,3.4285712]},"faces":{"east":{"uv":[1.125,13.125,1.625,13.5],"rotation":0,"texture":"#0","tintindex":0},"south":{"uv":[7.75,3.75,10.0,4.25],"rotation":0,"texture":"#0","tintindex":0},"north":{"uv":[7.75,3.75,10.0,4.25],"rotation":0,"texture":"#0","tintindex":0},"west":{"uv":[1.625,13.125,2.125,13.5],"rotation":0,"texture":"#0","tintindex":0},"up":{"uv":[9.625,3.25,7.375,2.75],"rotation":0,"texture":"#0","tintindex":0},"down":{"uv":[10.125,5.25,7.875,4.75],"rotation":0,"texture":"#0","tintindex":0}}},{"from":[1.1417141,7.998857,-0.2868576],"to":[3.4297142,9.715428,7.144],"rotation":{"angle":0.0,"axis":"y","origin":[8.0,-0.57142925,3.4285712]},"faces":{"east":{"uv":[10.625,7.25,12.25,7.625],"rotation":0,"texture":"#0","tintindex":0},"south":{"uv":[13.125,3.0,13.625,3.375],"rotation":0,"texture":"#0","tintindex":0},"north":{"uv":[13.125,2.625,13.625,3.0],"rotation":0,"texture":"#0","tintindex":0},"west":{"uv":[10.625,7.25,12.25,7.625],"rotation":0,"texture":"#0","tintindex":0},"up":{"uv":[0.5,8.75,1.0,10.375],"rotation":0,"texture":"#0","tintindex":0},"down":{"uv":[0.5,8.75,1.0,10.375],"rotation":0,"texture":"#0","tintindex":0}}},{"from":[12.570286,7.998857,-0.2868576],"to":[14.858286,9.715428,7.144],"rotation":{"angle":0.0,"axis":"y","origin":[8.0,-0.57142925,3.4285712]},"faces":{"east":{"uv":[10.625,7.25,12.25,7.625],"rotation":0,"texture":"#0","tintindex":0},"south":{"uv":[13.125,3.75,13.625,4.125],"rotation":0,"texture":"#0","tintindex":0},"north":{"uv":[13.125,3.375,13.625,3.75],"rotation":0,"texture":"#0","tintindex":0},"west":{"uv":[10.625,7.25,12.25,7.625],"rotation":0,"texture":"#0","tintindex":0},"up":{"uv":[1.0,8.75,0.5,10.375],"rotation":0,"texture":"#0","tintindex":0},"down":{"uv":[1.0,8.75,0.5,10.375],"rotation":0,"texture":"#0","tintindex":0}}},{"from":[7.714286,6.5714283,-2.0],"to":[10.0,8.857143,-0.8571434],"rotation":{"angle":45.0,"axis":"z","origin":[8.0,6.857143,-0.8571434]},"faces":{"east":{"uv":[4.875,6.625,5.125,7.125],"rotation":0,"texture":"#0","tintindex":0},"south":{"uv":[2.5,4.0,2.0,4.5],"rotation":0,"texture":"#0","tintindex":0},"north":{"uv":[2.0,4.0,2.5,4.5],"rotation":0,"texture":"#0","tintindex":0},"west":{"uv":[8.75,7.875,9.0,8.375],"rotation":0,"texture":"#0","tintindex":0},"up":{"uv":[2.5,4.75,2.0,4.5],"rotation":0,"texture":"#0","tintindex":0},"down":{"uv":[11.125,7.625,10.625,7.875],"rotation":0,"texture":"#0","tintindex":0}}},{"from":[2.856,7.998857,-2.0011435],"to":[13.144,10.286858,0.28685665],"rotation":{"angle":0.0,"axis":"y","origin":[8.0,-0.57142925,3.4285712]},"faces":{"east":{"uv":[12.5,12.875,13.0,13.375],"rotation":0,"texture":"#0","tintindex":0},"south":{"uv":[7.75,3.75,10.0,4.25],"rotation":0,"texture":"#0","tintindex":0},"north":{"uv":[7.75,3.75,10.0,4.25],"rotation":0,"texture":"#0","tintindex":0},"west":{"uv":[0.625,13.0,1.125,13.5],"rotation":0,"texture":"#0","tintindex":0},"up":{"uv":[10.125,5.25,7.875,4.75],"rotation":0,"texture":"#0","tintindex":0},"down":{"uv":[10.125,4.75,7.875,5.25],"rotation":0,"texture":"#0","tintindex":0}}},{"from":[2.084571,8.9988575,0.5702853],"to":[13.915429,14.144,6.286857],"rotation":{"angle":0.0,"axis":"y","origin":[8.0,0.0,3.4285712]},"faces":{"east":{"uv":[3.0,7.5,4.25,8.625],"rotation":0,"texture":"#0","tintindex":0},"south":{"uv":[4.75,1.125,7.375,2.25],"rotation":0,"texture":"#0","tintindex":0},"north":{"uv":[4.75,0.0,7.375,1.125],"rotation":0,"texture":"#0","tintindex":0},"west":{"uv":[3.0,7.5,4.25,8.625],"rotation":0,"texture":"#0","tintindex":0},"up":{"uv":[5.125,4.75,2.5,3.5],"rotation":0,"texture":"#0","tintindex":0},"down":{"uv":[2.625,4.75,0.0,6.0],"rotation":0,"texture":"#0","tintindex":0}}},{"from":[6.285714,10.142858,-1.1428576],"to":[9.714286,13.571428,8.0],"rotation":{"angle":-45.0,"axis":"z","origin":[8.0,11.857143,3.4285712]},"faces":{"east":{"uv":[0.0,4.0,2.0,4.75],"rotation":0,"texture":"#0","tintindex":0},"south":{"uv":[12.0,10.625,11.25,11.375],"rotation":0,"texture":"#0","tintindex":0},"north":{"uv":[11.25,10.625,12.0,11.375],"rotation":0,"texture":"#0","tintindex":0},"west":{"uv":[7.375,0.0,9.375,0.75],"rotation":0,"texture":"#0","tintindex":0},"up":{"uv":[8.125,2.75,7.375,0.75],"rotation":0,"texture":"#0","tintindex":0},"down":{"uv":[3.0,7.5,2.25,9.5],"rotation":0,"texture":"#0","tintindex":0}}},{"from":[6.285714,10.538458,-1.116539],"to":[9.713143,13.965887,2.8823175],"rotation":{"angle":22.5,"axis":"x","origin":[7.9994287,10.537887,2.8828893]},"faces":{"east":{"uv":[5.75,9.875,6.0,10.625],"rotation":0,"texture":"#0","tintindex":0},"south":{"uv":[10.0,0.0,10.875,0.75],"rotation":0,"texture":"#0","tintindex":0},"north":{"uv":[5.625,10.625,4.875,9.875],"rotation":90,"texture":"#0","tintindex":0},"west":{"uv":[10.125,5.625,10.375,6.375],"rotation":0,"texture":"#0","tintindex":0},"up":{"uv":[13.875,7.25,13.0,7.0],"rotation":0,"texture":"#0","tintindex":0},"down":{"uv":[13.875,7.0,13.0,7.25],"rotation":0,"texture":"#0","tintindex":0}}},{"from":[6.285714,10.538458,3.974825],"to":[9.713143,13.965887,7.9736824],"rotation":{"angle":-22.5,"axis":"x","origin":[7.9994287,10.537887,3.9742532]},"faces":{"east":{"uv":[6.0,9.875,5.75,10.625],"rotation":0,"texture":"#0","tintindex":0},"south":{"uv":[5.625,9.875,4.875,10.625],"rotation":90,"texture":"#0","tintindex":0},"north":{"uv":[10.875,0.0,10.0,0.75],"rotation":0,"texture":"#0","tintindex":0},"west":{"uv":[10.375,5.625,10.125,6.375],"rotation":0,"texture":"#0","tintindex":0},"up":{"uv":[13.875,7.0,13.0,7.25],"rotation":0,"texture":"#0","tintindex":0},"down":{"uv":[13.875,7.25,13.0,7.0],"rotation":0,"texture":"#0","tintindex":0}}},{"from":[6.285143,11.806493,0.4994278],"to":[9.714857,15.236208,6.357714],"rotation":{"angle":0.0,"axis":"y","origin":[8.0,13.52135,3.4285712]},"faces":{"east":{"uv":[8.125,1.5,9.375,2.25],"rotation":0,"texture":"#0","tintindex":0},"south":{"uv":[2.5,10.75,2.75,11.5],"rotation":0,"texture":"#0","tintindex":0},"north":{"uv":[9.375,10.375,9.625,11.125],"rotation":0,"texture":"#0","tintindex":0},"west":{"uv":[8.125,1.5,9.375,2.25],"rotation":0,"texture":"#0","tintindex":0},"up":{"uv":[11.875,4.375,12.625,5.5],"rotation":0,"texture":"#0","tintindex":0},"down":{"uv":[4.25,8.625,4.0,9.875],"rotation":0,"texture":"#0","tintindex":0}}},{"from":[2.0857139,8.102357,4.058673],"to":[13.914286,13.245214,7.4872446],"rotation":{"angle":-22.5,"axis":"x","origin":[8.0,10.673786,4.630101]},"faces":{"east":{"uv":[6.125,8.5,6.875,9.625],"rotation":0,"texture":"#0","tintindex":0},"south":{"uv":[5.125,3.375,7.75,4.5],"rotation":0,"texture":"#0","tintindex":0},"north":{"uv":[4.75,2.25,7.375,3.375],"rotation":0,"texture":"#0","tintindex":0},"west":{"uv":[6.875,8.5,7.625,9.625],"rotation":0,"texture":"#0","tintindex":0},"up":{"uv":[7.875,6.375,5.25,5.625],"rotation":0,"texture":"#0","tintindex":0},"down":{"uv":[5.25,5.875,2.625,6.625],"rotation":0,"texture":"#0","tintindex":0}}},{"from":[2.0857139,8.102357,-0.63010216],"to":[13.914286,13.245214,2.79847],"rotation":{"angle":22.5,"axis":"x","origin":[8.0,10.673786,2.2270412]},"faces":{"east":{"uv":[7.625,8.5,8.375,9.625],"rotation":0,"texture":"#0","tintindex":0},"south":{"uv":[5.25,4.5,7.875,5.625],"rotation":0,"texture":"#0","tintindex":0},"north":{"uv":[5.125,3.375,7.75,4.5],"rotation":0,"texture":"#0","tintindex":0},"west":{"uv":[8.375,8.5,9.125,9.625],"rotation":0,"texture":"#0","tintindex":0},"up":{"uv":[2.625,6.75,0.0,6.0],"rotation":0,"texture":"#0","tintindex":0},"down":{"uv":[7.875,6.375,5.25,7.125],"rotation":0,"texture":"#0","tintindex":0}}},{"from":[2.8571424,8.571428,-0.57142925],"to":[13.142858,8.571428,7.428571],"rotation":{"angle":0.0,"axis":"y","origin":[8.0,0.0,3.4285712]},"faces":{"east":{"uv":[4.875,7.125,6.625,8.0],"rotation":0,"texture":"#0","tintindex":0},"south":{"uv":[2.625,6.625,4.875,7.5],"rotation":0,"texture":"#0","tintindex":0},"north":{"uv":[2.625,6.625,4.875,7.5],"rotation":0,"texture":"#0","tintindex":0},"west":{"uv":[4.875,7.125,6.625,8.0],"rotation":0,"texture":"#0","tintindex":0},"up":{"uv":[4.75,1.75,2.5,0.0],"rotation":0,"texture":"#0","tintindex":0},"down":{"uv":[4.75,1.75,2.5,0.0],"rotation":0,"texture":"#0","tintindex":0}}}],"display":{"head":{"translation":[0.0,-6.4,0.0],"scale":[4.0,4.0,4.0]}}}